Date,Children_apprehended_and_placed,Children_in_CBP_custody,Children_transferred_out_of_CBP,Children_in_HHS_Care,Children_discharged_from_HHS_Car,Date_only,HHS_Care_num,lag1,lag7,lag14,net_flow,ML_Forecast,HHS_Care_num,FORECAST,STD,L95,U95,RESIDUAL
2025-11-06,6.0,33.0,9.0,2264.0,19.0,2025-11-06,2264.0,2272.0,2286.0,2237.0,-10.0,2268.115,6566.0,,,,,
2025-11-09,11.0,33.0,5.0,2294.0,4.0,2025-11-09,2294.0,2264.0,2280.0,2243.0,1.0,2269.78,7122.0,6560.510059469848,133.16652002314385,6299.508476277953,6821.511642661742,561.4899405301521
2025-11-11,11.0,39.0,12.0,2294.0,14.0,2025-11-11,2294.0,2294.0,2287.0,2251.0,-2.0,2299.445,7280.0,7221.572885871528,133.16652002314385,6960.571302679637,7482.574469063424,58.42711412847186
2025-11-12,14.0,48.0,20.0,2302.0,7.0,2025-11-12,2302.0,2294.0,2277.0,2261.0,13.0,2304.255,7433.0,7290.7397484004605,133.16652002314385,7029.738165208565,7551.74133159235,142.2602515995421
2025-11-13,6.0,26.0,16.0,2317.0,5.0,2025-11-13,2317.0,2302.0,2269.0,2266.0,11.0,2315.84,7538.0,7454.947275045075,133.16652002314385,7193.94569185318,7715.9488582369695,83.05272495492476
2025-11-16,5.0,22.0,3.0,2340.0,5.0,2025-11-16,2340.0,2317.0,2270.0,2276.0,-2.0,2309.94,7472.0,7549.433766646178,133.16652002314385,7288.432183454285,7810.435349838072,-77.43376664617779
2025-11-17,1.0,35.0,6.0,2343.0,8.0,2025-11-17,2343.0,2340.0,2272.0,2282.0,-2.0,2332.05,7743.0,7452.874362711725,133.16652002314385,7191.872779519836,7713.875945903623,290.1256372882748
2025-11-18,2.0,38.0,8.0,2345.0,12.0,2025-11-18,2345.0,2343.0,2264.0,2286.0,-4.0,2331.98,7803.0,7791.109235193251,133.16652002314385,7530.107652001361,8052.110818385148,11.89076480674412
2025-11-19,7.0,32.0,3.0,2340.0,10.0,2025-11-19,2340.0,2345.0,2294.0,2280.0,-7.0,2331.295,7903.0,7802.437396147635,133.16652002314385,7541.43581295574,8063.438979339527,100.56260385236575
2025-11-20,18.0,57.0,8.0,2340.0,9.0,2025-11-20,2340.0,2340.0,2294.0,2287.0,-1.0,2332.675,7879.0,7916.575196130249,133.16652002314385,7655.573612938355,8177.576779322141,-37.57519613024598
2025-11-23,3.0,46.0,22.0,2375.0,1.0,2025-11-23,2375.0,2340.0,2302.0,2277.0,21.0,2353.935,7586.0,7867.440441524387,133.16652002314385,7606.438858332493,8128.442024716282,-281.44044152438835
2025-11-24,9.0,40.0,9.0,2371.0,13.0,2025-11-24,2371.0,2375.0,2317.0,2269.0,-4.0,2346.69,7720.0,7527.542491010285,133.16652002314385,7266.540907818388,7788.544074202177,192.45750898971485
2025-11-25,6.0,47.0,14.0,2375.0,11.0,2025-11-25,2375.0,2371.0,2340.0,2270.0,3.0,2348.78,7855.0,7747.851062489299,133.16652002314385,7486.849479297405,8008.852645681191,107.14893751070238
2025-11-27,4.0,24.0,8.0,2389.0,7.0,2025-11-27,2389.0,2375.0,2343.0,2272.0,1.0,2349.01,7915.0,7871.240175481859,133.16652002314385,7610.238592289968,8132.241758673752,43.759824518139695
2025-11-30,4.0,18.0,10.0,2415.0,0.0,2025-11-30,2415.0,2389.0,2345.0,2264.0,10.0,2378.54,7908.0,7918.793756163299,133.16652002314385,7657.792172971406,8179.795339355193,-10.793756163300536
2025-12-01,4.0,26.0,4.0,2410.0,9.0,2025-12-01,2410.0,2415.0,2340.0,2294.0,-5.0,2411.23,7434.0,7900.958465245839,133.16652002314385,7639.956882053939,8161.96004843773,-466.9584652458362
2025-12-02,7.0,34.0,6.0,2407.0,8.0,2025-12-02,2407.0,2410.0,2340.0,2294.0,-2.0,2408.61,7483.0,7341.057199358469,133.16652002314385,7080.055616166577,7602.058782550364,141.94280064153003
2025-12-03,4.0,32.0,8.0,2419.0,7.0,2025-12-03,2419.0,2407.0,2375.0,2302.0,1.0,2404.265,7794.0,7499.660329957725,133.16652002314385,7238.6587467658355,7760.661913149619,294.3396700422734
2025-12-04,16.0,39.0,7.0,2418.0,13.0,2025-12-04,2418.0,2419.0,2371.0,2317.0,-6.0,2412.725,7869.0,7844.702025261186,133.16652002314385,7583.700442069293,8105.7036084530755,24.297974738816304
2025-12-07,4.0,24.0,13.0,2429.0,12.0,2025-12-07,2429.0,2418.0,2375.0,2340.0,1.0,2413.15,7793.0,7870.88968845243,133.16652002314385,7609.888105260539,8131.8912716443265,-77.88968845243329
2025-12-08,9.0,27.0,9.0,2440.0,4.0,2025-12-08,2440.0,2429.0,2389.0,2343.0,5.0,2431.845,7817.0,7773.307852619635,133.16652002314385,7512.3062694277405,8034.3094358115295,43.69214738036604
2025-12-09,4.0,30.0,7.0,2443.0,8.0,2025-12-09,2443.0,2440.0,2415.0,2345.0,-1.0,2436.095,7967.0,7818.9694296713,133.16652002314385,7557.967846479405,8079.971012863193,148.03057032870117
2025-12-10,10.0,54.0,5.0,2439.0,9.0,2025-12-10,2439.0,2443.0,2410.0,2340.0,-4.0,2438.425,7978.0,7989.58479590844,133.16652002314385,7728.583212716547,8250.586379100336,-11.58479590844161
2025-12-11,7.0,47.0,9.0,2437.0,10.0,2025-12-11,2437.0,2439.0,2407.0,2340.0,-1.0,2436.095,7914.0,7971.757871261549,133.16652002314385,7710.756288069651,8232.759454453439,-57.7578712615465
2025-12-14,8.0,35.0,4.0,2462.0,8.0,2025-12-14,2462.0,2437.0,2419.0,2375.0,-4.0,2434.67,7609.0,7897.6648084172575,133.16652002314385,7636.663225225361,8158.66639160915,-288.66480841725775
2025-12-15,11.0,42.0,9.0,2470.0,7.0,2025-12-15,2470.0,2462.0,2418.0,2371.0,2.0,2482.085,7800.0,7548.9499267852925,133.16652002314385,7287.9483435934,7809.951509977187,251.050073214707
2025-12-16,8.0,54.0,15.0,2468.0,9.0,2025-12-16,2468.0,2470.0,2429.0,2375.0,6.0,2483.25,7896.0,7838.73427706695,133.16652002314385,7577.732693875059,8099.735860258845,57.2657229330493
2025-12-17,7.0,31.0,11.0,2481.0,10.0,2025-12-17,2481.0,2468.0,2440.0,2389.0,1.0,2482.77,7930.0,7903.455028281671,133.16652002314385,7642.453445089779,8164.456611473564,26.544971718327208
2025-12-18,11.0,50.0,6.0,2472.0,16.0,2025-12-18,2472.0,2481.0,2443.0,2415.0,-10.0,2489.97,7870.0,7930.12967391629,133.16652002314385,7669.128090724395,8191.131257108181,-60.129673916289
2025-12-21,6.0,18.0,11.0,2484.0,14.0,2025-12-21,2484.0,2472.0,2439.0,2410.0,-3.0,2493.34,7859.0,7853.542268483051,133.16652002314385,7592.54068529116,8114.5438516749455,5.457731516947128
,,,,,,,,,,,,,7885.0,7853.978296955284,133.16652002314385,7592.976713763389,8114.979880147178,31.02170304471614
,,,,,,,,,,,,,7786.0,7885.338273287325,133.16652002314385,7624.336690095431,8146.339856479218,-99.33827328732252
,,,,,,,,,,,,,7567.0,7762.216294138601,133.16652002314385,7501.214710946706,8023.217877330494,-195.21629413860265
,,,,,,,,,,,,,7810.0,7524.059940137405,133.16652002314385,7263.058356945514,7785.061523329299,285.940059862594
,,,,,,,,,,,,,7915.0,7856.125359951811,133.16652002314385,7595.12377675992,8117.126943143706,58.87464004818648
,,,,,,,,,,,,,7989.0,7923.1287289922,133.16652002314385,7662.127145800306,8184.130312184095,65.87127100780219
,,,,,,,,,,,,,7885.0,7996.52215607993,133.16652002314385,7735.5205728880355,8257.523739271823,-111.52215607992912
,,,,,,,,,,,,,7931.0,7859.298717259987,133.16652002314385,7598.297134068098,8120.30030045188,71.70128274001112
,,,,,,,,,,,,,8050.0,7937.90736773769,133.16652002314385,7676.905784545794,8198.90895092958,112.09263226231081
,,,,,,,,,,,,,8097.0,8066.109256622877,133.16652002314385,7805.107673430981,8327.11083981477,30.89074337712356
,,,,,,,,,,,,,8102.0,8098.37916561779,133.16652002314385,7837.377582425895,8359.38074880968,3.620834382211155
,,,,,,,,,,,,,7847.0,8097.533901356842,133.16652002314385,7836.53231816495,8358.535484548738,-250.5339013568434
,,,,,,,,,,,,,7994.0,7794.683191689731,133.16652002314385,7533.68160849784,8055.684774881629,199.31680831026577
,,,,,,,,,,,,,8079.0,8023.44414234505,133.16652002314385,7762.442559153155,8284.445725536942,55.55585765495196
,,,,,,,,,,,,,8208.0,8085.666690884064,133.16652002314385,7824.66510769217,8346.668274075959,122.33330911593512
,,,,,,,,,,,,,8158.0,8226.013299608545,133.16652002314385,7965.011716416654,8487.014882800438,-68.01329960854721
,,,,,,,,,,,,,7981.0,8140.968799184468,133.16652002314385,7879.967215992569,8401.970382376358,-159.96879918446612
,,,,,,,,,,,,,8054.0,7944.995705241774,133.16652002314385,7683.994122049879,8205.997288433668,109.00429475822776
,,,,,,,,,,,,,8068.0,8067.367831580423,133.16652002314385,7806.366248388528,8328.369414772314,0.6321684195781395
,,,,,,,,,,,,,8175.0,8063.579132722178,133.16652002314385,7802.577549530285,8324.58071591407,111.42086727782343
,,,,,,,,,,,,,8178.0,8190.412404201459,133.16652002314385,7929.410821009565,8451.41398739335,-12.412404201456923
,,,,,,,,,,,,,7900.0,8171.241390782822,133.16652002314385,7910.239807590928,8432.242973974719,-271.24139078282127
,,,,,,,,,,,,,7826.0,7843.692937685094,133.16652002314385,7582.691354493201,8104.69452087699,-17.692937685095156
,,,,,,,,,,,,,7922.0,7814.637320680655,133.16652002314385,7553.63573748876,8075.638903872549,107.3626793193449
,,,,,,,,,,,,,7876.0,7936.303061442494,133.16652002314385,7675.3014782506,8197.304644634389,-60.30306144249425
,,,,,,,,,,,,,7795.0,7860.224429798931,133.16652002314385,7599.222846607038,8121.226012990823,-65.22442979893059
,,,,,,,,,,,,,7380.0,7776.787043866589,133.16652002314385,7515.785460674694,8037.788627058481,-396.78704386658745
,,,,,,,,,,,,,7344.0,7299.624030199194,133.16652002314385,7038.6224470073,7560.625613391089,44.37596980080555
,,,,,,,,,,,,,7376.0,7343.037779640032,133.16652002314385,7082.036196448143,7604.039362831925,32.96222035996611
,,,,,,,,,,,,,7356.0,7376.906046006715,133.16652002314385,7115.90446281482,7637.907629198609,-20.906046006714806
,,,,,,,,,,,,,7490.0,7346.920715921533,133.16652002314385,7085.91913272964,7607.9222991134275,143.0792840784669
,,,,,,,,,,,,,7534.0,7511.101276753664,133.16652002314385,7250.099693561774,7772.10285994556,22.898723246332963
,,,,,,,,,,,,,7796.0,7534.1354354096,133.16652002314385,7273.133852217706,7795.137018601495,261.86456459040045
,,,,,,,,,,,,,8017.0,7839.792302270568,133.16652002314385,7578.790719078674,8100.793885462463,177.2076977294338
,,,,,,,,,,,,,8117.0,8047.15291253258,133.16652002314385,7786.151329340686,8308.154495724475,69.84708746741967
,,,,,,,,,,,,,8159.0,8126.376520403642,133.16652002314385,7865.374937211749,8387.378103595534,32.623479596357754
,,,,,,,,,,,,,8352.0,8160.363929227581,133.16652002314385,7899.362346035689,8421.365512419476,191.63607077241815
,,,,,,,,,,,,,8492.0,8382.713482288562,133.16652002314385,8121.711899096669,8643.715065480455,109.2865177114375
,,,,,,,,,,,,,8654.0,8508.7844670702,133.16652002314385,8247.782883878306,8769.786050262093,145.21553292979956
,,,,,,,,,,,,,8704.0,8676.80501781038,133.16652002314385,8415.803434618489,8937.806601002276,27.19498218961712
,,,,,,,,,,,,,8790.0,8705.025227627795,133.16652002314385,8444.023644435902,8966.026810819689,84.9747723722045
,,,,,,,,,,,,,8485.0,8800.73854563586,133.16652002314385,8539.736962443965,9061.740128827752,-315.73854563585803
,,,,,,,,,,,,,8590.0,8421.249066221415,133.16652002314385,8160.247483029521,8682.25064941331,168.7509337785846
,,,,,,,,,,,,,8606.0,8613.148334120542,133.16652002314385,8352.146750928649,8874.149917312436,-7.148334120539719
,,,,,,,,,,,,,8681.0,8600.616409831688,133.16652002314385,8339.614826639794,8861.617993023581,80.38359016831414
,,,,,,,,,,,,,8672.0,8690.556344912451,133.16652002314385,8429.55476172056,8951.557928104348,-18.556344912452225
,,,,,,,,,,,,,8445.0,8663.796516055458,133.16652002314385,8402.794932863562,8924.798099247348,-218.79651605545547
,,,,,,,,,,,,,8571.0,8398.433277647024,133.16652002314385,8137.431694455128,8659.434860838915,172.56672235297563
,,,,,,,,,,,,,8572.0,8595.728729542374,133.16652002314385,8334.727146350482,8856.73031273427,-23.728729542373735
,,,,,,,,,,,,,8569.0,8563.593661461658,133.16652002314385,8302.592078269763,8824.59524465355,5.406338538343629
,,,,,,,,,,,,,8474.0,8564.374621833937,133.16652002314385,8303.373038642041,8825.37620502583,-90.37462183393552
,,,,,,,,,,,,,7826.0,8451.643260825656,133.16652002314385,8190.641677633763,8712.64484401755,-625.6432608256561
,,,,,,,,,,,,,7848.0,7702.59282305293,133.16652002314385,7441.591239861035,7963.5944062448225,145.40717694707087
,,,,,,,,,,,,,7788.0,7863.772588437049,133.16652002314385,7602.77100524516,8124.774171628947,-75.77258843705398
,,,,,,,,,,,,,7709.0,7769.403951006355,133.16652002314385,7508.402367814464,8030.405534198251,-60.40395100635686
,,,,,,,,,,,,,7546.0,7691.546819591777,133.16652002314385,7430.545236399885,7952.54840278367,-145.54681959177637
,,,,,,,,,,,,,6996.0,7512.672988921049,133.16652002314385,7251.671405729156,7773.674572112941,-516.6729889210496
,,,,,,,,,,,,,7046.0,6892.429617376661,133.16652002314385,6631.428034184768,7153.431200568555,153.5703826233378
,,,,,,,,,,,,,7053.0,7064.300187930955,133.16652002314385,6803.298604739058,7325.301771122848,-11.300187930951845
,,,,,,,,,,,,,7002.0,7046.595100881636,133.16652002314385,6785.593517689741,7307.596684073525,-44.59510088163359
,,,,,,,,,,,,,6555.0,6988.119544987439,133.16652002314385,6727.117961795544,7249.121128179335,-433.1195449874387
,,,,,,,,,,,,,6523.0,6468.04413712388,133.16652002314385,6207.042553931989,6729.045720315772,54.95586287611924
,,,,,,,,,,,,,6508.0,6523.685679434033,133.16652002314385,6262.6840962421375,6784.687262625926,-15.685679434030964
,,,,,,,,,,,,,6483.0,6499.886410821084,133.16652002314385,6238.884827629192,6760.887994012981,-16.88641082108531
,,,,,,,,,,,,,6446.0,6474.218088541673,133.16652002314385,6213.216505349781,6735.219671733569,-28.218088541673247
,,,,,,,,,,,,,6007.0,6435.064073027442,133.16652002314385,6174.062489835548,6696.065656219336,-428.06407302744253
,,,,,,,,,,,,,6021.0,5921.138547933696,133.16652002314385,5660.1369647418005,6182.140131125591,99.86145206630445
,,,,,,,,,,,,,6061.0,6030.143338493432,133.16652002314385,5769.14175530154,6291.144921685326,30.856661506567647
,,,,,,,,,,,,,6065.0,6062.021575462986,133.16652002314385,5801.019992271095,6323.023158654882,2.978424537013166
,,,,,,,,,,,,,6038.0,6060.395668003061,133.16652002314385,5799.394084811168,6321.397251194955,-22.395668003061473
,,,,,,,,,,,,,5679.0,6028.364159846095,133.16652002314385,5767.362576654204,6289.365743037991,-349.36415984609795
,,,,,,,,,,,,,5904.0,5607.929979958609,133.16652002314385,5346.928396766715,5868.931563150501,296.0700200413924
,,,,,,,,,,,,,5922.0,5950.60254320278,133.16652002314385,5689.600960010888,6211.604126394677,-28.602543202780776
,,,,,,,,,,,,,5956.0,5913.784551516885,133.16652002314385,5652.78296832499,6174.786134708776,42.2154484831161
,,,,,,,,,,,,,5766.0,5958.271759030275,133.16652002314385,5697.270175838383,6219.27334222217,-192.2717590302763
,,,,,,,,,,,,,5819.0,5724.924589122379,133.16652002314385,5463.923005930484,5985.926172314272,94.07541087762081
,,,,,,,,,,,,,5917.0,5829.318743764661,133.16652002314385,5568.317160572767,6090.320326956552,87.68125623534115
,,,,,,,,,,,,,5999.0,5928.713535160988,133.16652002314385,5667.711951969094,6189.71511835288,70.28646483901298
,,,,,,,,,,,,,6058.0,6007.529043691241,133.16652002314385,5746.527460499351,6268.53062688314,50.47095630875665
,,,,,,,,,,,,,5903.0,6062.660719544089,133.16652002314385,5801.659136352198,6323.662302735985,-159.66071954409145
,,,,,,,,,,,,,6127.0,5868.147031069835,133.16652002314385,5607.145447877941,6129.148614261728,258.85296893016545
,,,,,,,,,,,,,6193.0,6168.464717572302,133.16652002314385,5907.463134380408,6429.466300764198,24.535282427697457
,,,,,,,,,,,,,6239.0,6194.468358536309,133.16652002314385,5933.466775344415,6455.469941728203,44.53164146369145
,,,,,,,,,,,,,6214.0,6242.193397511768,133.16652002314385,5981.191814319878,6503.194980703664,-28.193397511770243
,,,,,,,,,,,,,6346.0,6203.672473290926,133.16652002314385,5942.670890099032,6464.674056482819,142.32752670907598
,,,,,,,,,,,,,6498.0,6366.897677316181,133.16652002314385,6105.896094124288,6627.899260508073,131.10232268382
,,,,,,,,,,,,,6521.0,6518.371616576223,133.16652002314385,6257.370033384331,6779.373199768117,2.628383423776114
,,,,,,,,,,,,,6604.0,6517.305775347314,133.16652002314385,6256.304192155422,6778.30735853921,86.69422465268478
,,,,,,,,,,,,,6468.0,6614.822330907851,133.16652002314385,6353.820747715958,6875.823914099744,-146.82233090785027
,,,,,,,,,,,,,6632.0,6435.85993863946,133.16652002314385,6174.858355447567,6696.861521831352,196.14006136054113
,,,,,,,,,,,,,6874.0,6661.867013940657,133.16652002314385,6400.86543074876,6922.86859713255,212.13298605934375
,,,,,,,,,,,,,7001.0,6909.985839471489,133.16652002314385,6648.984256279599,7170.987422663384,91.01416052850858
,,,,,,,,,,,,,7116.0,7014.631272501988,133.16652002314385,6753.629689310092,7275.632855693879,101.36872749801414
,,,,,,,,,,,,,7052.0,7130.441671065655,133.16652002314385,6869.44008787376,7391.443254257549,-78.4416710656546
,,,,,,,,,,,,,7220.0,7032.8374241374995,133.16652002314385,6771.835840945607,7293.839007329394,187.16257586250003
,,,,,,,,,,,,,7510.0,7248.841506273002,133.16652002314385,6987.839923081111,7509.843089464899,261.15849372699654
,,,,,,,,,,,,,7647.0,7555.107510748375,133.16652002314385,7294.105927556481,7816.109093940268,91.89248925162525
,,,,,,,,,,,,,7754.0,7661.2555237580655,133.16652002314385,7400.253940566175,7922.25710694996,92.74447624193452
,,,,,,,,,,,,,7671.0,7766.859423853667,133.16652002314385,7505.857840661774,8027.861007045562,-95.85942385366829
,,,,,,,,,,,,,7800.0,7648.498537669578,133.16652002314385,7387.496954477685,7909.5001208614685,151.50146233042324
,,,,,,,,,,,,,8103.0,7822.000457608976,133.16652002314385,7560.998874417085,8083.002040800872,280.9995423910242
,,,,,,,,,,,,,8261.0,8151.4751385288355,133.16652002314385,7890.473555336941,8412.476721720728,109.52486147116463
,,,,,,,,,,,,,8294.0,8278.724585274535,133.16652002314385,8017.72300208264,8539.726168466428,15.275414725464822
,,,,,,,,,,,,,8298.0,8292.538756381238,133.16652002314385,8031.537173189344,8553.540339573132,5.461243618762726
,,,,,,,,,,,,,8493.0,8293.735058429758,133.16652002314385,8032.733475237866,8554.736641621652,199.26494157024197
,,,,,,,,,,,,,8725.0,8524.857152824292,133.16652002314385,8263.855569632398,8785.858736016186,200.1428471757086
,,,,,,,,,,,,,8888.0,8758.842652736193,133.16652002314385,8497.8410695443,9019.844235928089,129.1573472638063
,,,,,,,,,,,,,8914.0,8908.660353357278,133.16652002314385,8647.658770165383,9169.66193654917,5.3396466427245075
,,,,,,,,,,,,,9634.0,8910.82764935794,133.16652002314385,8649.826066166044,9171.829232549837,723.1723506420595
,,,,,,,,,,,,,9694.0,9763.942835282702,133.16652002314385,9502.94125209081,10024.944418474595,-69.94283528270165
,,,,,,,,,,,,,9483.0,9682.251103655919,133.16652002314385,9421.249520464022,9943.252686847809,-199.25110365591647
,,,,,,,,,,,,,9668.0,9439.911749530125,133.16652002314385,9178.910166338232,9700.913332722017,228.08825046987545
,,,,,,,,,,,,,9921.0,9703.292984536189,133.16652002314385,9442.291401344295,9964.294567728079,217.707015463815
,,,,,,,,,,,,,10071.0,9958.302391075811,133.16652002314385,9697.300807883918,10219.303974267707,112.69760892418888
,,,,,,,,,,,,,10026.0,10088.754935796736,133.16652002314385,9827.753352604845,10349.756518988625,-62.75493579673399
,,,,,,,,,,,,,9873.0,10009.939688139151,133.16652002314385,9748.938104947261,10270.941271331045,-136.93968813915353
,,,,,,,,,,,,,10012.0,9841.353733449432,133.16652002314385,9580.352150257537,10102.355316641328,170.64626655056517
,,,,,,,,,,,,,10180.0,10037.12165556518,133.16652002314385,9776.120072373282,10298.123238757073,142.8783444348217
,,,,,,,,,,,,,10280.0,10202.788046997359,133.16652002314385,9941.786463805463,10463.789630189249,77.21195300264215
,,,,,,,,,,,,,10140.0,10290.383265065362,133.16652002314385,10029.381681873463,10551.38484825725,-150.38326506535964
,,,,,,,,,,,,,9988.0,10107.171499596989,133.16652002314385,9846.169916405095,10368.173082788882,-119.17149959698796
,,,,,,,,,,,,,10142.0,9958.83298527782,133.16652002314385,9697.831402085923,10219.834568469716,183.16701472217972
,,,,,,,,,,,,,10356.0,10169.589468046963,133.16652002314385,9908.587884855064,10430.591051238853,186.41053195304005
,,,,,,,,,,,,,10419.0,10387.05796810078,133.16652002314385,10126.056384908889,10648.059551292676,31.942031899220236
,,,,,,,,,,,,,10282.0,10421.329572270408,133.16652002314385,10160.327989078516,10682.331155462301,-139.32957227040905
,,,,,,,,,,,,,10492.0,10250.833746965583,133.16652002314385,9989.832163773688,10511.835330157472,241.1662530344174
,,,,,,,,,,,,,10649.0,10530.341158828081,133.16652002314385,10269.33957563619,10791.342742019977,118.6588411719167
,,,,,,,,,,,,,10678.0,10667.922741287157,133.16652002314385,10406.921158095261,10928.92432447905,10.077258712844277
,,,,,,,,,,,,,10837.0,10675.626516326403,133.16652002314385,10414.62493313451,10936.628099518299,161.37348367359397
,,,,,,,,,,,,,10799.0,10861.862482191877,133.16652002314385,10600.860898999981,11122.864065383768,-62.86248219187669
,,,,,,,,,,,,,10892.0,10783.277918334195,133.16652002314385,10522.276335142298,11044.279501526084,108.72208166580992
,,,,,,,,,,,,,11095.0,10906.337629475242,133.16652002314385,10645.336046283352,11167.339212667139,188.66237052475404
,,,,,,,,,,,,,11064.0,11125.811178160218,133.16652002314385,10864.809594968325,11386.812761352112,-61.811178160220315
,,,,,,,,,,,,,11067.0,11048.774558275518,133.16652002314385,10787.772975083624,11309.77614146741,18.22544172448148
,,,,,,,,,,,,,10744.0,11064.429449299972,133.16652002314385,10803.427866108079,11325.431032491864,-320.4294492999724
,,,,,,,,,,,,,10842.0,10678.700302700576,133.16652002314385,10417.698719508682,10939.701885892468,163.29969729942653
,,,,,,,,,,,,,10978.0,10864.050242804133,133.16652002314385,10603.048659612237,11125.051825996024,113.94975719586888
,,,,,,,,,,,,,11017.0,10995.220236320663,133.16652002314385,10734.218653128772,11256.22181951256,21.779763679333744
,,,,,,,,,,,,,10984.0,11016.73038477283,133.16652002314385,10755.728801580937,11277.731967964724,-32.730384772832
,,,,,,,,,,,,,10598.0,10972.648937054491,133.16652002314385,10711.6473538626,11233.650520246389,-374.6489370544925
,,,,,,,,,,,,,10724.0,10522.112355850039,133.16652002314385,10261.110772658149,10783.113939041936,201.88764414995876
,,,,,,,,,,,,,10818.0,10752.73677033478,133.16652002314385,10491.735187142884,11013.73835352667,65.2632296652215
,,,,,,,,,,,,,10963.0,10826.447414688875,133.16652002314385,10565.445831496985,11087.448997880774,136.55258531111977
,,,,,,,,,,,,,11130.0,10983.763712144784,133.16652002314385,10722.76212895289,11244.765295336678,146.2362878552163
,,,,,,,,,,,,,10815.0,11153.196644305435,133.16652002314385,10892.195061113538,11414.198227497329,-338.19664430543367
,,,,,,,,,,,,,10910.0,10747.674955515657,133.16652002314385,10486.673372323761,11008.67653870755,162.32504448434278
,,,,,,,,,,,,,10960.0,10931.765755782471,133.16652002314385,10670.764172590581,11192.767338974369,28.23424421752456
,,,,,,,,,,,,,10992.0,10961.167290166986,133.16652002314385,10700.16570697509,11222.168873358878,30.83270983301518
,,,,,,,,,,,,,10571.0,10992.61495130243,133.16652002314385,10731.613368110537,11253.616534494324,-421.6149513024293
,,,,,,,,,,,,,10629.0,10486.927652115,133.16652002314385,10225.926068923101,10747.929235306892,142.072347885001
,,,,,,,,,,,,,10630.0,10646.131807326376,133.16652002314385,10385.130224134482,10907.133390518267,-16.13180732637497
,,,,,,,,,,,,,10511.0,10622.632127248962,133.16652002314385,10361.630544057069,10883.633710440856,-111.63212724896262
,,,,,,,,,,,,,10319.0,10484.527403300193,133.16652002314385,10223.525820108298,10745.528986492081,-165.5274033001909
,,,,,,,,,,,,,9506.0,10281.479587170275,133.16652002314385,10020.478003978382,10542.48117036217,-775.479587170276
,,,,,,,,,,,,,9436.0,9353.791762328035,133.16652002314385,9092.790179136138,9614.793345519924,82.20823767196555
,,,,,,,,,,,,,9396.0,9438.495046123857,133.16652002314385,9177.493462931961,9699.496629315747,-42.4950461238572
,,,,,,,,,,,,,9351.0,9382.961219567356,133.16652002314385,9121.959636375463,9643.962802759248,-31.96121956735442
,,,,,,,,,,,,,9235.0,9339.149053439864,133.16652002314385,9078.147470247972,9600.15063663176,-104.14905343986482
,,,,,,,,,,,,,8925.0,9209.701562789132,133.16652002314385,8948.699979597235,9470.703145981024,-284.70156278913026
,,,,,,,,,,,,,9026.0,8865.23959120143,133.16652002314385,8604.238008009539,9126.241174393324,160.7604087985686
,,,,,,,,,,,,,9072.0,9047.85438953383,133.16652002314385,8786.852806341936,9308.855972725722,24.145610466170098
,,,,,,,,,,,,,9250.0,9072.406716915606,133.16652002314385,8811.405133723712,9333.408300107498,177.59328308439376
,,,,,,,,,,,,,9442.0,9278.037613712511,133.16652002314385,9017.036030520618,9539.039196904407,163.9623862874873
,,,,,,,,,,,,,9273.0,9468.8801928183,133.16652002314385,9207.87860962641,9729.881776010196,-195.88019281830157
,,,,,,,,,,,,,9286.0,9232.490126065804,133.16652002314385,8971.488542873914,9493.491709257698,53.5098739341962
,,,,,,,,,,,,,9483.0,9288.75686327504,133.16652002314385,9027.755280083149,9549.758446466936,194.24313672495828
,,,,,,,,,,,,,9634.0,9514.271531751112,133.16652002314385,9253.269948559218,9775.273114943006,119.7284682488906
,,,,,,,,,,,,,9477.0,9652.766442040482,133.16652002314385,9391.764858848586,9913.768025232375,-175.7664420404802
,,,,,,,,,,,,,9510.0,9439.844612264382,133.16652002314385,9178.843029072486,9700.846195456274,70.15538773561991
,,,,,,,,,,,,,9665.0,9516.040606835799,133.16652002314385,9255.039023643902,9777.042190027689,148.95939316420422
,,,,,,,,,,,,,9762.0,9687.963855691944,133.16652002314385,9426.96227250005,9948.96543888384,74.03614430805419
,,,,,,,,,,,,,9762.0,9771.79788973547,133.16652002314385,9510.796306543576,10032.799472927361,-9.79788973546523
,,,,,,,,,,,,,9573.0,9755.447527111039,133.16652002314385,9494.44594391914,10016.449110302929,-182.44752711103575
,,,,,,,,,,,,,9638.0,9533.317937089414,133.16652002314385,9272.316353897519,9794.319520281311,104.68206291058848
,,,,,,,,,,,,,9804.0,9650.373651462578,133.16652002314385,9389.372068270686,9911.375234654472,153.62634853742145
,,,,,,,,,,,,,9838.0,9828.156414273668,133.16652002314385,9567.154831081774,10089.157997465561,9.843585726333528
,,,,,,,,,,,,,9845.0,9835.846668054157,133.16652002314385,9574.845084862262,10096.84825124605,9.153331945842348
,,,,,,,,,,,,,10123.0,9841.391006910173,133.16652002314385,9580.389423718278,10102.392590102065,281.60899308982926
,,,,,,,,,,,,,10223.0,10170.29797877746,133.16652002314385,9909.296395585565,10431.299561969352,52.70202122254218
,,,,,,,,,,,,,10398.0,10230.032865406238,133.16652002314385,9969.031282214344,10491.034448598137,167.9671345937604
,,,,,,,,,,,,,10536.0,10424.570505359132,133.16652002314385,10163.568922167238,10685.572088551027,111.42949464086678
,,,,,,,,,,,,,10579.0,10552.976565054274,133.16652002314385,10291.974981862382,10813.978148246168,26.02343494572606
,,,,,,,,,,,,,10635.0,10579.512150969264,133.16652002314385,10318.510567777372,10840.513734161155,55.487849030733805
,,,,,,,,,,,,,10761.0,10640.195250392622,133.16652002314385,10379.193667200732,10901.196833584516,120.8047496073771
,,,,,,,,,,,,,10832.0,10778.65309598296,133.16652002314385,10517.651512791064,11039.654679174851,53.34690401704072
,,,,,,,,,,,,,10897.0,10837.658874030021,133.16652002314385,10576.657290838137,11098.660457221918,59.34112596997485
,,,,,,,,,,,,,10871.0,10903.175745200211,133.16652002314385,10642.174162008318,11164.177328392107,-32.175745200213754
,,,,,,,,,,,,,10998.0,10860.077685153068,133.16652002314385,10599.076101961175,11121.07926834496,137.92231484693028
,,,,,,,,,,,,,11077.0,11018.043410473174,133.16652002314385,10757.041827281282,11279.04499366507,58.9565895268268
,,,,,,,,,,,,,11192.0,11083.829043389678,133.16652002314385,10822.827460197785,11344.830626581572,108.17095661032172
,,,,,,,,,,,,,11242.0,11207.371505807898,133.16652002314385,10946.369922616002,11468.37308899979,34.62849419210284
,,,,,,,,,,,,,11092.0,11244.041355959062,133.16652002314385,10983.039772767164,11505.042939150955,-152.041355959063
,,,,,,,,,,,,,11149.0,11058.440658288597,133.16652002314385,10797.439075096701,11319.44224148049,90.55934171140062
,,,,,,,,,,,,,11291.0,11159.039787641115,133.16652002314385,10898.03820444922,11420.04137083301,131.96021235888477
,,,,,,,,,,,,,11516.0,11310.98469872367,133.16652002314385,11049.983115531773,11571.98628191556,205.0153012763353
,,,,,,,,,,,,,11375.0,11550.155764425563,133.16652002314385,11289.154181233664,11811.157347617453,-175.1557644255583
,,,,,,,,,,,,,11144.0,11338.734789347764,133.16652002314385,11077.733206155868,11599.736372539652,-194.73478934776097
,,,,,,,,,,,,,11217.0,11100.520734611817,133.16652002314385,10839.519151419923,11361.52231780371,116.47926538818358
,,,,,,,,,,,,,11206.0,11231.389627123355,133.16652002314385,10970.388043931462,11492.39121031525,-25.389627123356433
,,,,,,,,,,,,,11230.0,11196.7615989734,133.16652002314385,10935.760015781507,11457.76318216529,33.2384010265987
,,,,,,,,,,,,,10870.0,11230.540448614376,133.16652002314385,10969.538865422484,11491.54203180627,-360.540448614378
,,,,,,,,,,,,,10770.0,10797.351811778826,133.16652002314385,10536.35022858693,11058.353394970718,-27.351811778823524
,,,,,,,,,,,,,10718.0,10756.006107423582,133.16652002314385,10495.004524231688,11017.007690615475,-38.00610742358245
,,,,,,,,,,,,,10558.0,10704.969812596437,133.16652002314385,10443.968229404538,10965.971395788323,-146.96981259643124
,,,,,,,,,,,,,9670.0,10524.629728325568,133.16652002314385,10263.628145133674,10785.631311517462,-854.6297283255674
,,,,,,,,,,,,,9670.0,9503.19087991845,133.16652002314385,9242.189296726558,9764.192463110343,166.80912008155124
,,,,,,,,,,,,,9311.0,9687.588927046289,133.16652002314385,9426.587343854391,9948.590510238182,-376.588927046288
,,,,,,,,,,,,,9144.0,9236.208474261837,133.16652002314385,8975.206891069944,9497.210057453727,-92.20847426183555
,,,,,,,,,,,,,8829.0,9117.762430629502,133.16652002314385,8856.76084743761,9378.7640138214,-288.7624306295039
,,,,,,,,,,,,,8033.0,8768.43239466868,133.16652002314385,8507.430811476783,9029.43397786057,-735.4323946686775
,,,,,,,,,,,,,8133.0,7887.123155958826,133.16652002314385,7626.121572766931,8148.12473915072,245.87684404117496
,,,,,,,,,,,,,8072.0,8166.439012364494,133.16652002314385,7905.437429172602,8427.440595556387,-94.43901236449453
,,,,,,,,,,,,,8042.0,8050.8019143593265,133.16652002314385,7789.80033116743,8311.80349755122,-8.801914359325849
,,,,,,,,,,,,,7974.0,8034.071109784424,133.16652002314385,7773.06952659253,8295.072692976319,-60.07110978442504
,,,,,,,,,,,,,8008.0,7957.14692386945,133.16652002314385,7696.145340677558,8218.148507061342,50.853076130551344
,,,,,,,,,,,,,8133.0,8011.452484663673,133.16652002314385,7750.450901471778,8272.454067855564,121.54751533632678
,,,,,,,,,,,,,8212.0,8150.704210025698,133.16652002314385,7889.702626833801,8411.705793217592,61.29578997430261
,,,,,,,,,,,,,8180.0,8219.148801782,133.16652002314385,7958.147218590106,8480.15038497389,-39.148801781996575
,,,,,,,,,,,,,8004.0,8167.821986494335,133.16652002314385,7906.8204033024385,8428.823569686227,-163.82198649433275
,,,,,,,,,,,,,8057.0,7967.519410276544,133.16652002314385,7706.51782708465,8228.520993468439,89.48058972345562
,,,,,,,,,,,,,8182.0,8066.690651962252,133.16652002314385,7805.68906877036,8327.692235154145,115.30934803774802
,,,,,,,,,,,,,8153.0,8198.851480047575,133.16652002314385,7937.849896855681,8459.853063239469,-45.85148004757231
,,,,,,,,,,,,,8026.0,8140.057016191245,133.16652002314385,7879.05543299935,8401.05859938314,-114.05701619124484
,,,,,,,,,,,,,7813.0,7998.792581595923,133.16652002314385,7737.790998404029,8259.794164787818,-185.7925815959236
,,,,,,,,,,,,,7872.0,7771.650632665962,133.16652002314385,7510.649049474067,8032.652215857856,100.34936733403832
,,,,,,,,,,,,,8045.0,7883.478878517193,133.16652002314385,7622.4772953253,8144.480461709085,161.5211214828087
,,,,,,,,,,,,,8160.0,8070.588526256349,133.16652002314385,7809.586943064452,8331.59010944824,89.41147374365171
,,,,,,,,,,,,,8188.0,8172.807167173027,133.16652002314385,7911.805583981133,8433.808750364922,15.192832826973708
,,,,,,,,,,,,,8056.0,8186.275374004442,133.16652002314385,7925.273790812549,8447.276957196333,-130.27537400444052
,,,,,,,,,,,,,8092.0,8026.323509761915,133.16652002314385,7765.321926570025,8287.325092953812,65.67649023808151
,,,,,,,,,,,,,8348.0,8097.5796175635005,133.16652002314385,7836.57803437161,8358.581200755396,250.42038243649876
,,,,,,,,,,,,,8512.0,8389.925420450361,133.16652002314385,8128.923837258467,8650.927003642255,122.0745795496381
,,,,,,,,,,,,,8463.0,8531.742588983534,133.16652002314385,8270.741005791639,8792.744172175428,-68.7425889835339
,,,,,,,,,,,,,8380.0,8445.919527299924,133.16652002314385,8184.917944108032,8706.92111049182,-65.9195272999245
,,,,,,,,,,,,,8488.0,8361.591189583409,133.16652002314385,8100.589606391515,8622.592772775306,126.40881041658976
,,,,,,,,,,,,,8573.0,8505.511608735731,133.16652002314385,8244.51002554384,8766.513191927626,67.48839126426648
,,,,,,,,,,,,,8607.0,8581.297815641808,133.16652002314385,8320.296232449911,8842.299398833698,25.70218435819317
,,,,,,,,,,,,,8404.0,8607.01446859832,133.16652002314385,8346.012885406426,8868.016051790215,-203.0144685983209
,,,,,,,,,,,,,8404.0,8360.80066419998,133.16652002314385,8099.799081008085,8621.802247391874,43.199335800022475
,,,,,,,,,,,,,8650.0,8404.69201428307,133.16652002314385,8143.690431091176,8665.693597474961,245.30798571692847
,,,,,,,,,,,,,8699.0,8690.722390758694,133.16652002314385,8429.720807566804,8951.723973950591,8.277609241303901
,,,,,,,,,,,,,8724.0,8697.388887355542,133.16652002314385,8436.387304163649,8958.390470547438,26.611112644456956
,,,,,,,,,,,,,8594.0,8723.68494625803,133.16652002314385,8462.683363066135,8984.686529449922,-129.6849462580278
,,,,,,,,,,,,,8660.0,8564.505056150925,133.16652002314385,8303.503472959028,8825.506639342815,95.49494384907624
,,,,,,,,,,,,,8800.0,8671.168231533526,133.16652002314385,8410.16664834163,8932.169814725423,128.8317684664729
,,,,,,,,,,,,,8870.0,8819.456216712535,133.16652002314385,8558.454633520638,9080.457799904423,50.543783287466624
,,,,,,,,,,,,,8902.0,8875.225281020596,133.16652002314385,8614.223697828706,9136.226864212489,26.7747189794025
,,,,,,,,,,,,,8714.0,8902.060241836298,133.16652002314385,8641.058658644406,9163.06182502819,-188.06024183629776
,,,,,,,,,,,,,8757.0,8673.601122480735,133.16652002314385,8412.599539288842,8934.602705672627,83.39887751926713
,,,,,,,,,,,,,8843.0,8765.355121115612,133.16652002314385,8504.353537923718,9026.356704307502,77.64487888438975
,,,,,,,,,,,,,8819.0,8852.736581498899,133.16652002314385,8591.734998307002,9113.738164690794,-33.73658149889959
,,,,,,,,,,,,,8695.0,8807.965163227725,133.16652002314385,8546.96358003583,9068.966746419617,-112.96516322772632
,,,,,,,,,,,,,8373.0,8668.093089361373,133.16652002314385,8407.091506169476,8929.094672553265,-295.0930893613695
,,,,,,,,,,,,,8333.0,8311.214090205936,133.16652002314385,8050.212507014045,8572.21567339783,21.78590979406417
,,,,,,,,,,,,,8390.0,8328.748142955294,133.16652002314385,8067.746559763398,8589.749726147185,61.25185704470802
,,,,,,,,,,,,,8365.0,8396.033583645201,133.16652002314385,8135.0320004533105,8657.035166837097,-31.03358364520382
,,,,,,,,,,,,,8292.0,8354.284232363178,133.16652002314385,8093.282649171281,8615.285815555071,-62.28423236317822
,,,,,,,,,,,,,7899.0,8274.59230597095,133.16652002314385,8013.590722779054,8535.59388916284,-375.59230597094864
,,,,,,,,,,,,,7899.0,7822.630470163293,133.16652002314385,7561.628886971398,8083.632053355185,76.36952983670912
,,,,,,,,,,,,,7919.0,7904.2262336269105,133.16652002314385,7643.224650435014,8165.227816818801,14.773766373091222
,,,,,,,,,,,,,7893.0,7916.814739394682,133.16652002314385,7655.8131562027875,8177.816322586575,-23.814739394681816
,,,,,,,,,,,,,7762.0,7883.22059779975,133.16652002314385,7622.219014607856,8144.222180991645,-121.22059779975037
,,,,,,,,,,,,,7257.0,7733.611676523761,133.16652002314385,7472.610093331866,7994.613259715655,-476.6116765237616
,,,,,,,,,,,,,7271.0,7161.174666388152,133.16652002314385,6900.173083196258,7422.176249580045,109.82533361184969
,,,,,,,,,,,,,7340.0,7281.5053571899025,133.16652002314385,7020.503773998008,7542.506940381799,58.49464281009736
,,,,,,,,,,,,,7346.0,7346.261709718877,133.16652002314385,7085.2601265269805,7607.263292910768,-0.2617097188770838
,,,,,,,,,,,,,7317.0,7341.05359344763,133.16652002314385,7080.0520102557375,7602.055176639523,-24.053593447630877
,,,,,,,,,,,,,6982.0,7307.036691226214,133.16652002314385,7046.035108034324,7568.038274418109,-325.03669122621494
,,,,,,,,,,,,,6988.0,6915.465487924853,133.16652002314385,6654.46390473296,7176.467071116749,72.5345120751451
,,,,,,,,,,,,,7043.0,6993.004516154071,133.16652002314385,6732.00293296218,7254.006099345965,49.99548384592804
,,,,,,,,,,,,,6999.0,7047.39404951766,133.16652002314385,6786.392466325768,7308.39563270955,-48.39404951765992
,,,,,,,,,,,,,6912.0,6984.953176764149,133.16652002314385,6723.951593572256,7245.95475995604,-72.95317676414858
,,,,,,,,,,,,,6630.0,6892.428045662761,133.16652002314385,6631.4264624708685,7153.429628854652,-262.4280456627608
,,,,,,,,,,,,,6681.0,6574.696008086445,133.16652002314385,6313.694424894551,6835.697591278338,106.30399191355563
,,,,,,,,,,,,,6685.0,6692.889499382852,133.16652002314385,6431.887916190961,6953.891082574748,-7.88949938285483
,,,,,,,,,,,,,6725.0,6678.910070698135,133.16652002314385,6417.90848750624,6939.911653890027,46.08992930186581
,,,,,,,,,,,,,6728.0,6728.103896037624,133.16652002314385,6467.10231284573,6989.105479229515,-0.1038960376238292
,,,,,,,,,,,,,6745.0,6722.923909605246,133.16652002314385,6461.922326413355,6983.925492797138,22.076090394753127
,,,,,,,,,,,,,6799.0,6743.661678629989,133.16652002314385,6482.660095438097,7004.6632618218855,55.338321370010895
,,,,,,,,,,,,,6967.0,6804.073973102285,133.16652002314385,6543.072389910392,7065.075556294178,162.92602689771425
,,,,,,,,,,,,,7128.0,6992.528476839941,133.16652002314385,6731.526893648045,7253.530060031835,135.47152316006063
,,,,,,,,,,,,,7209.0,7149.422635857649,133.16652002314385,6888.421052665758,7410.424219049542,59.57736414235138
,,,,,,,,,,,,,7298.0,7216.01473806195,133.16652002314385,6955.013154870059,7477.016321253848,81.98526193804749
,,,,,,,,,,,,,7373.0,7308.481149011402,133.16652002314385,7047.47956581951,7569.482732203294,64.51885098859795
,,,,,,,,,,,,,7431.0,7380.3877049824605,133.16652002314385,7119.386121790565,7641.389288174352,50.612295017541605
,,,,,,,,,,,,,7508.0,7435.629621163663,133.16652002314385,7174.628037971768,7696.631204355555,72.37037883633934
,,,,,,,,,,,,,7577.0,7516.561811755662,133.16652002314385,7255.56022856377,7777.563394947555,60.43818824433815
,,,,,,,,,,,,,7447.0,7583.527383814538,133.16652002314385,7322.525800622643,7844.52896700643,-136.52738381453702
,,,,,,,,,,,,,7449.0,7416.56972509156,133.16652002314385,7155.568141899663,7677.57130828345,32.43027490844266
,,,,,,,,,,,,,7566.0,7448.320768636506,133.16652002314385,7187.319185444614,7709.322351828401,117.67923136349344
,,,,,,,,,,,,,7583.0,7582.772082581792,133.16652002314385,7321.770499389899,7843.773665773681,0.22791741820731556
,,,,,,,,,,,,,7570.0,7578.675129668951,133.16652002314385,7317.673546477056,7839.67671286084,-8.675129668949268
,,,,,,,,,,,,,7464.0,7562.945559596579,133.16652002314385,7301.9439764046865,7823.94714278847,-98.9455595965779
,,,,,,,,,,,,,7499.0,7439.917045056142,133.16652002314385,7178.91546186425,7700.918628248039,59.082954943856706
,,,,,,,,,,,,,7546.0,7503.627891587436,133.16652002314385,7242.626308395539,7764.629474779328,42.37210841256491
,,,,,,,,,,,,,7589.0,7548.948617619781,133.16652002314385,7287.947034427888,7809.950200811675,40.05138238021875
,,,,,,,,,,,,,7565.0,7591.429709562425,133.16652002314385,7330.428126370532,7852.431292754319,-26.429709562425447
,,,,,,,,,,,,,7356.0,7554.963980420073,133.16652002314385,7293.962397228179,7815.965563611965,-198.9639804200725
,,,,,,,,,,,,,7368.0,7313.051835529199,133.16652002314385,7052.050252337303,7574.0534187210915,54.94816447080261
,,,,,,,,,,,,,7404.0,7370.903052493812,133.16652002314385,7109.901469301915,7631.9046356857025,33.09694750618994
,,,,,,,,,,,,,7474.0,7405.126137650031,133.16652002314385,7144.124554458139,7666.1277208419215,68.87386234996964
,,,,,,,,,,,,,7494.0,7481.730922047821,133.16652002314385,7220.729338855925,7742.7325052397155,12.269077952179575
,,,,,,,,,,,,,7365.0,7491.472359525701,133.16652002314385,7230.470776333808,7752.473942717592,-126.4723595257
,,,,,,,,,,,,,7418.0,7335.994621358413,133.16652002314385,7074.993038166517,7596.996204550305,82.00537864158801
,,,,,,,,,,,,,7491.0,7426.6688235506,133.16652002314385,7165.667240358705,7687.670406742494,64.33117644939927
,,,,,,,,,,,,,7563.0,7498.261213181946,133.16652002314385,7237.2596299900515,7759.262796373841,64.73878681805323
,,,,,,,,,,,,,7546.0,7570.266512963962,133.16652002314385,7309.264929772069,7831.268096155854,-24.266512963961432
,,,,,,,,,,,,,7596.0,7536.612611175176,133.16652002314385,7275.611027983282,7797.614194367069,59.38738882482472
,,,,,,,,,,,,,7565.0,7601.425787742958,133.16652002314385,7340.424204551064,7862.42737093485,-36.425787742957674
,,,,,,,,,,,,,7691.0,7553.244629272193,133.16652002314385,7292.243046080301,7814.246212464088,137.75537072780577
,,,,,,,,,,,,,7741.0,7710.970171188769,133.16652002314385,7449.968587996876,7971.971754380664,30.02982881123101
,,,,,,,,,,,,,7451.0,7742.412738667808,133.16652002314385,7481.411155475912,8003.414321859701,-291.41273866780693
,,,,,,,,,,,,,7439.0,7391.3305782158,133.16652002314385,7130.328995023908,7652.332161407694,47.66942178420016
,,,,,,,,,,,,,7493.0,7439.698030228941,133.16652002314385,7178.696447037048,7700.699613420835,53.30196977105825
,,,,,,,,,,,,,7548.0,7497.795612812905,133.16652002314385,7236.794029621011,7758.7971960048,50.20438718709378
,,,,,,,,,,,,,7544.0,7552.42260568376,133.16652002314385,7291.421022491865,7813.424188875654,-8.422605683760695
,,,,,,,,,,,,,7307.0,7537.433847343859,133.16652002314385,7276.432264151965,7798.435430535752,-230.43384734386075
,,,,,,,,,,,,,7318.0,7258.338318155174,133.16652002314385,6997.336734963279,7519.339901347064,59.661681844827775
,,,,,,,,,,,,,7340.0,7321.496950787335,133.16652002314385,7060.495367595445,7582.49853397923,18.503049212664457
,,,,,,,,,,,,,7433.0,7338.425353441994,133.16652002314385,7077.4237702501005,7599.426936633888,94.57464655800595
,,,,,,,,,,,,,7431.0,7445.403737443727,133.16652002314385,7184.402154251831,7706.405320635619,-14.403737443726884
,,,,,,,,,,,,,7247.0,7423.717090509193,133.16652002314385,7162.715507317299,7684.718673701086,-176.7170905091934
,,,,,,,,,,,,,7239.0,7208.353356314074,133.16652002314385,6947.351773122178,7469.354939505968,30.64664368592786
,,,,,,,,,,,,,7239.0,7237.572766518426,133.16652002314385,6976.571183326532,7498.57434971032,1.427233481574541
,,,,,,,,,,,,,7268.0,7233.981951985712,133.16652002314385,6972.980368793817,7494.983535177606,34.01804801429016
,,,,,,,,,,,,,7248.0,7268.899116716905,133.16652002314385,7007.897533525012,7529.9006999088,-20.899116716903812
,,,,,,,,,,,,,6874.0,7238.921663124912,133.16652002314385,6977.920079933019,7499.923246316806,-364.921663124913
,,,,,,,,,,,,,6825.0,6800.047056436645,133.16652002314385,6539.0454732447515,7061.04863962854,24.95294356335468
,,,,,,,,,,,,,6823.0,6820.727293683061,133.16652002314385,6559.725710491168,7081.728876874952,2.2727063169376795
,,,,,,,,,,,,,6790.0,6817.996686878222,133.16652002314385,6556.995103686328,7078.998270070116,-27.99668687822241
,,,,,,,,,,,,,6599.0,6779.296012695288,133.16652002314385,6518.294429503396,7040.297595887182,-180.29601269528865
,,,,,,,,,,,,,6617.0,6559.511202110239,133.16652002314385,6298.509618918345,6820.512785302133,57.48879788976001
,,,,,,,,,,,,,6651.0,6620.55285843987,133.16652002314385,6359.551275247976,6881.554441631762,30.447141560131275
,,,,,,,,,,,,,6649.0,6651.663083336809,133.16652002314385,6390.661500144915,6912.664666528703,-2.6630833368090516
,,,,,,,,,,,,,6640.0,6643.32198618457,133.16652002314385,6382.320402992676,6904.323569376464,-3.3219861845702283
,,,,,,,,,,,,,6308.0,6633.8789857557695,133.16652002314385,6372.877402563876,6894.880568947663,-325.87898575576907
,,,,,,,,,,,,,6283.0,6241.5016062517825,133.16652002314385,5980.500023059889,6502.503189443676,41.49839374821813
,,,,,,,,,,,,,6239.0,6282.199034024582,133.16652002314385,6021.197450832688,6543.200617216476,-43.19903402458176
,,,,,,,,,,,,,6228.0,6225.663312487632,133.16652002314385,5964.661729295739,6486.664895679522,2.336687512370392
,,,,,,,,,,,,,6058.0,6222.5516639942925,133.16652002314385,5961.550080802398,6483.553247186186,-164.55166399429277
,,,,,,,,,,,,,6002.0,6021.722179132241,133.16652002314385,5760.720595940348,6282.723762324136,-19.722179132240587
,,,,,,,,,,,,,5965.0,5991.267469980455,133.16652002314385,5730.26588678856,6252.269053172349,-26.267469980453757
,,,,,,,,,,,,,5927.0,5954.330713988389,133.16652002314385,5693.3291307964955,6215.332297180285,-27.33071398838926
,,,,,,,,,,,,,5954.0,5916.134954459176,133.16652002314385,5655.13337126728,6177.13653765107,37.86504554082357
,,,,,,,,,,,,,5743.0,5955.324146806985,133.16652002314385,5694.322563615092,6216.325729998878,-212.32414680698608
,,,,,,,,,,,,,5819.0,5698.124722144249,133.16652002314385,5437.123138952352,5959.126305336143,120.87527785575202
,,,,,,,,,,,,,5930.0,5834.141798931581,133.16652002314385,5573.140215739688,6095.143382123477,95.85820106841821
,,,,,,,,,,,,,5963.0,5943.48673135144,133.16652002314385,5682.485148159545,6204.488314543336,19.513268648561365
,,,,,,,,,,,,,6016.0,5962.118052336311,133.16652002314385,5701.1164691444155,6223.1196355282045,53.881947663689054
,,,,,,,,,,,,,5943.0,6020.824474475825,133.16652002314385,5759.8228912839295,6281.8260576677185,-77.8244744758252
,,,,,,,,,,,,,5950.0,5923.468023359964,133.16652002314385,5662.466440168071,6184.469606551857,26.531976640034824
,,,,,,,,,,,,,5998.0,5948.7665910522155,133.16652002314385,5687.765007860321,6209.76817424411,49.23340894778504
,,,,,,,,,,,,,6038.0,6001.936945924252,133.16652002314385,5740.935362732358,6262.938529116145,36.06305407574945
,,,,,,,,,,,,,6084.0,6039.733266382632,133.16652002314385,5778.731683190739,6300.734849574528,44.26673361736751
,,,,,,,,,,,,,5894.0,6087.157185776626,133.16652002314385,5826.155602584731,6348.15876896852,-193.157185776626
,,,,,,,,,,,,,5903.0,5852.803555188226,133.16652002314385,5591.801971996334,6113.805138380119,50.19644481177292
,,,,,,,,,,,,,5981.0,5905.102257080115,133.16652002314385,5644.100673888218,6166.103840272008,75.89774291988715
,,,,,,,,,,,,,5987.0,5990.094405639838,133.16652002314385,5729.092822447945,6251.095988831733,-3.0944056398387305
,,,,,,,,,,,,,5895.0,5981.666376398921,133.16652002314385,5720.6647932070255,6242.6679595908145,-86.66637639892056
,,,,,,,,,,,,,5821.0,5873.301417911518,133.16652002314385,5612.299834719624,6134.3030011034125,-52.30141791151913
,,,,,,,,,,,,,5865.0,5804.9064939532045,133.16652002314385,5543.904910761311,6065.908077145099,60.09350604679491
,,,,,,,,,,,,,5995.0,5870.219798301089,133.16652002314385,5609.218215109199,6131.221381492982,124.7802016989097
,,,,,,,,,,,,,6028.0,6013.39819780023,133.16652002314385,5752.396614608336,6274.399780992126,14.601802199768517
,,,,,,,,,,,,,6054.0,6026.446676517582,133.16652002314385,5765.445093325688,6287.448259709478,27.553323482416392
,,,,,,,,,,,,,6152.0,6053.864161086298,133.16652002314385,5792.8625778944015,6314.865744278191,98.13583891370217
,,,,,,,,,,,,,6227.0,6165.142630539797,133.16652002314385,5904.1410473479,6426.144213731689,61.857369460205646
,,,,,,,,,,,,,6250.0,6234.02389218667,133.16652002314385,5973.022308994778,6495.025475378565,15.97610781332914
,,,,,,,,,,,,,6192.0,6248.130350447969,133.16652002314385,5987.128767256079,6509.131933639868,-56.1303504479728
,,,,,,,,,,,,,6272.0,6176.189795894246,133.16652002314385,5915.188212702351,6437.191379086137,95.81020410575422
,,,,,,,,,,,,,6375.0,6283.917188847855,133.16652002314385,6022.91560565596,6544.918772039749,91.08281115214479
,,,,,,,,,,,,,6448.0,6387.43060652268,133.16652002314385,6126.429023330786,6648.432189714575,60.569393477320304
,,,,,,,,,,,,,6312.0,6454.746994027832,133.16652002314385,6193.74541083594,6715.748577219726,-142.74699402783347
,,,,,,,,,,,,,6353.0,6280.417019230955,133.16652002314385,6019.415436039061,6541.418602422848,72.5829807690442
,,,,,,,,,,,,,6396.0,6359.775798177407,133.16652002314385,6098.774214985512,6620.777381369301,36.224201822594694
,,,,,,,,,,,,,6410.0,6397.9065508465765,133.16652002314385,6136.904967654682,6658.908134038469,12.093449153424801
,,,,,,,,,,,,,6360.0,6407.145839288652,133.16652002314385,6146.144256096759,6668.147422480545,-47.14583928865246
,,,,,,,,,,,,,6326.0,6345.82128904734,133.16652002314385,6084.819705855448,6606.822872239234,-19.821289047340425
,,,,,,,,,,,,,6234.0,6316.363134790765,133.16652002314385,6055.361551598874,6577.36471798266,-82.36313479076635
,,,,,,,,,,,,,6229.0,6212.889652074976,133.16652002314385,5951.888068883085,6473.891235266869,16.110347925023227
,,,,,,,,,,,,,6227.0,6225.736975226464,133.16652002314385,5964.735392034569,6486.738558418358,1.263024773537529
,,,,,,,,,,,,,6245.0,6221.858667860903,133.16652002314385,5960.85708466901,6482.860251052798,23.141332139095873
,,,,,,,,,,,,,6270.0,6243.857711240965,133.16652002314385,5982.856128049073,6504.8592944328575,26.1422887590352
,,,,,,,,,,,,,5989.0,6269.620860098997,133.16652002314385,6008.619276907102,6530.62244329089,-280.62086009899656
,,,,,,,,,,,,,6002.0,5931.259549287751,133.16652002314385,5670.257966095857,6192.261132479644,70.74045071225048
,,,,,,,,,,,,,6023.0,6007.112207185486,133.16652002314385,5746.110623993592,6268.11379037738,15.887792814515196
,,,,,,,,,,,,,6050.0,6021.017440658754,133.16652002314385,5760.01585746686,6282.019023850648,28.982559341245555
,,,,,,,,,,,,,6090.0,6050.1099500886,133.16652002314385,5789.108366896708,6311.111533280497,39.89004991139751
,,,,,,,,,,,,,5925.0,6092.2563998478,133.16652002314385,5831.254816655908,6353.257983039695,-167.25639984780273
,,,,,,,,,,,,,5967.0,5888.60454745604,133.16652002314385,5627.602964264149,6149.606130647936,78.3954525439575
,,,,,,,,,,,,,6040.0,5974.620756212529,133.16652002314385,5713.619173020636,6235.62233940442,65.37924378747311
,,,,,,,,,,,,,6091.0,6047.404479368232,133.16652002314385,5786.402896176338,6308.406062560124,43.59552063176919
,,,,,,,,,,,,,6118.0,6094.317527714741,133.16652002314385,5833.315944522848,6355.319110906636,23.68247228525968
,,,,,,,,,,,,,5968.0,6117.385451545521,133.16652002314385,5856.383868353628,6378.387034737416,-149.38545154552213
,,,,,,,,,,,,,6013.0,5934.803708717365,133.16652002314385,5673.8021255254735,6195.805291909259,78.19629128263495
,,,,,,,,,,,,,6047.0,6020.744788022936,133.16652002314385,5759.74320483104,6281.746371214829,26.255211977065887
,,,,,,,,,,,,,6075.0,6047.090065036631,133.16652002314385,5786.088481844736,6308.091648228523,27.909934963370823
,,,,,,,,,,,,,5889.0,6075.013745822244,133.16652002314385,5814.012162630347,6336.015329014136,-186.01374582224273
,,,,,,,,,,,,,5935.0,5848.981706985035,133.16652002314385,5587.980123793142,6109.98329017693,86.01829301496508
,,,,,,,,,,,,,6013.0,5943.8644399472405,133.16652002314385,5682.862856755348,6204.866023139132,69.13556005275986
,,,,,,,,,,,,,6036.0,6021.170045042827,133.16652002314385,5760.168461850936,6282.1716282347215,14.829954957171388
,,,,,,,,,,,,,6076.0,6033.973676403629,133.16652002314385,5772.972093211738,6294.9752595955215,42.02632359637066
,,,,,,,,,,,,,5918.0,6078.548419045982,133.16652002314385,5817.54683585409,6339.5500022378765,-160.54841904598476
,,,,,,,,,,,,,5966.0,5882.874430182889,133.16652002314385,5621.872846990996,6143.876013374783,83.12556981711107
,,,,,,,,,,,,,6043.0,5974.569854952401,133.16652002314385,5713.5682717605105,6235.571438144297,68.43014504759677
,,,,,,,,,,,,,6077.0,6051.023199161343,133.16652002314385,5790.021615969449,6312.024782353239,25.976800838656946
,,,,,,,,,,,,,5974.0,6077.052007460968,133.16652002314385,5816.050424269074,6338.053590652861,-103.052007460966
,,,,,,,,,,,,,6008.0,5949.506968007315,133.16652002314385,5688.505384815421,6210.508551199208,58.4930319926844
,,,,,,,,,,,,,6106.0,6012.496832960757,133.16652002314385,5751.495249768864,6273.49841615265,93.50316703924314
,,,,,,,,,,,,,6149.0,6118.5093647107315,133.16652002314385,5857.507781518838,6379.510947902626,30.49063528926866
,,,,,,,,,,,,,6148.0,6150.122797569286,133.16652002314385,5889.121214377393,6411.12438076118,-2.1227975692856105
,,,,,,,,,,,,,5990.0,6142.446259626993,133.16652002314385,5881.4446764351,6403.447842818889,-152.44625962699462
,,,,,,,,,,,,,6007.0,5955.981959669265,133.16652002314385,5694.9803764773715,6216.983542861159,51.01804033073524
,,,,,,,,,,,,,6045.0,6009.6179156391245,133.16652002314385,5748.616332447228,6270.619498831016,35.3820843608768
,,,,,,,,,,,,,6086.0,6046.539343305557,133.16652002314385,5785.537760113664,6307.540926497449,39.460656694442946
,,,,,,,,,,,,,6084.0,6088.248122446424,133.16652002314385,5827.246539254528,6349.249705638315,-4.248122446422302
,,,,,,,,,,,,,5963.0,6078.105318323551,133.16652002314385,5817.103735131656,6339.106901515444,-115.10531832355022
,,,,,,,,,,,,,5975.0,5935.951795868556,133.16652002314385,5674.950212676662,6196.953379060449,39.04820413144366
,,,,,,,,,,,,,5966.0,5975.729597986511,133.16652002314385,5714.728014794618,6236.731181178407,-9.729597986512644
,,,,,,,,,,,,,6025.0,5959.003093460776,133.16652002314385,5698.001510268881,6220.00467665267,65.99690653922426
,,,,,,,,,,,,,5816.0,6031.783048517765,133.16652002314385,5770.781465325874,6292.78463170966,-215.78304851776517
,,,,,,,,,,,,,5819.0,5770.75274304184,133.16652002314385,5509.751159849949,6031.754326233736,48.2472569581582
,,,,,,,,,,,,,5844.0,5820.5332991363375,133.16652002314385,5559.531715944444,6081.534882328232,23.46670086366288
,,,,,,,,,,,,,5879.0,5843.25511902501,133.16652002314385,5582.253535833116,6104.256702216902,35.74488097499045
,,,,,,,,,,,,,5850.0,5880.437679726735,133.16652002314385,5619.436096534841,6141.439262918629,-30.43767972673569
,,,,,,,,,,,,,5664.0,5839.164014766515,133.16652002314385,5578.162431574624,6100.16559795841,-175.16401476651643
,,,,,,,,,,,,,5715.0,5625.464817405609,133.16652002314385,5364.463234213716,5886.466400597504,89.53518259439008
,,,,,,,,,,,,,5826.0,5724.597277049035,133.16652002314385,5463.595693857141,5985.598860240928,101.40272295096644
,,,,,,,,,,,,,5862.0,5840.244643058087,133.16652002314385,5579.243059866194,6101.24622624998,21.75535694191371
,,,,,,,,,,,,,5963.0,5861.575792202261,133.16652002314385,5600.574209010368,6122.577375394155,101.42420779773963
,,,,,,,,,,,,,5986.0,5976.743392351531,133.16652002314385,5715.74180915964,6237.744975543428,9.256607648465998
,,,,,,,,,,,,,6061.0,5983.21182438826,133.16652002314385,5722.210241196365,6244.213407580152,77.78817561174039
,,,,,,,,,,,,,6192.0,6070.201563180555,133.16652002314385,5809.199979988661,6331.203146372448,121.79843681944476
,,,,,,,,,,,,,6269.0,6210.041022440885,133.16652002314385,5949.039439248988,6471.042605632776,58.95897755911736
,,,,,,,,,,,,,6310.0,6275.728532305082,133.16652002314385,6014.726949113189,6536.730115496977,34.27146769491619
,,,,,,,,,,,,,6286.0,6311.538783178931,133.16652002314385,6050.537199987039,6572.540366370827,-25.53878317893238
,,,,,,,,,,,,,6268.0,6276.085766130385,133.16652002314385,6015.084182938491,6537.08734932228,-8.085766130385245
,,,,,,,,,,,,,6310.0,6260.774029199765,133.16652002314385,5999.772446007871,6521.775612391657,49.225970800235594
,,,,,,,,,,,,,6402.0,6313.633416608006,133.16652002314385,6052.631833416113,6574.6349997999,88.36658339199302
,,,,,,,,,,,,,6481.0,6413.504703808814,133.16652002314385,6152.503120616919,6674.506287000706,67.49529619118756
,,,,,,,,,,,,,6408.0,6488.996246960632,133.16652002314385,6227.99466376874,6749.997830152527,-80.99624696063346
,,,,,,,,,,,,,6454.0,6388.034456039288,133.16652002314385,6127.032872847392,6649.03603923118,65.9655439607132
,,,,,,,,,,,,,6506.0,6460.123317523947,133.16652002314385,6199.121734332055,6721.124900715841,45.87668247605171
,,,,,,,,,,,,,6598.0,6509.679771244821,133.16652002314385,6248.678188052928,6770.681354436712,88.32022875517961
,,,,,,,,,,,,,6600.0,6609.498367334247,133.16652002314385,6348.496784142351,6870.499950526138,-9.498367334244845
,,,,,,,,,,,,,6595.0,6593.589308021375,133.16652002314385,6332.587724829478,6854.590891213265,1.4106919786275351
,,,,,,,,,,,,,6548.0,6589.727597039944,133.16652002314385,6328.7260138480515,6850.729180231839,-41.727597039944094
,,,,,,,,,,,,,6622.0,6534.713195161685,133.16652002314385,6273.71161196979,6795.714778353576,87.28680483831698
,,,,,,,,,,,,,6689.0,6632.449565176344,133.16652002314385,6371.447981984452,6893.451148368241,56.55043482365368
,,,,,,,,,,,,,6707.0,6694.895107537163,133.16652002314385,6433.893524345272,6955.8966907290605,12.104892462833616
,,,,,,,,,,,,,6465.0,6704.349078574788,133.16652002314385,6443.347495382895,6965.35066176668,-239.34907857478703
,,,,,,,,,,,,,6454.0,6414.867551540098,133.16652002314385,6153.865968348205,6675.869134731992,39.132448459900715
,,,,,,,,,,,,,6405.0,6453.581482356975,133.16652002314385,6192.579899165082,6714.583065548869,-48.58148235697639
,,,,,,,,,,,,,6292.0,6390.67546172582,133.16652002314385,6129.673878533927,6651.677044917714,-98.67546172581889
,,,,,,,,,,,,,5882.0,6267.60103493146,133.16652002314385,6006.599451739563,6528.602618123352,-385.6010349314594
,,,,,,,,,,,,,5769.0,5803.405202119119,133.16652002314385,5542.403618927226,6064.406785311015,-34.40520211911897
,,,,,,,,,,,,,5703.0,5753.386496180792,133.16652002314385,5492.3849129888995,6014.388079372687,-50.38649618079172
,,,,,,,,,,,,,5605.0,5687.571605387078,133.16652002314385,5426.570022195184,5948.573188578969,-82.57160538707734
,,,,,,,,,,,,,5507.0,5583.558642508937,133.16652002314385,5322.557059317043,5844.56022570083,-76.55864250893706
,,,,,,,,,,,,,5092.0,5486.380588035262,133.16652002314385,5225.379004843368,5747.382171227158,-394.38058803526366
,,,,,,,,,,,,,5019.0,5011.95298210609,133.16652002314385,4750.951398914196,5272.954565297984,7.04701789390958
,,,,,,,,,,,,,4957.0,5011.069582338413,133.16652002314385,4750.0679991465195,5272.071165530308,-54.06958233841324
,,,,,,,,,,,,,4903.0,4941.269818776856,133.16652002314385,4680.26823558496,5202.271401968747,-38.269818776852695
,,,,,,,,,,,,,4881.0,4889.83292689853,133.16652002314385,4628.831343706636,5150.834510090424,-8.832926898530076
,,,,,,,,,,,,,4628.0,4873.470220579328,133.16652002314385,4612.468637387432,5134.471803771219,-245.47022057932597
,,,,,,,,,,,,,4638.0,4576.476212054474,133.16652002314385,4315.474628862581,4837.477795246368,61.523787945525555
,,,,,,,,,,,,,4728.0,4641.701073725961,133.16652002314385,4380.699490534067,4902.702656917856,86.29892627403912
,,,,,,,,,,,,,4717.0,4739.121226674864,133.16652002314385,4478.11964348297,5000.122809866757,-22.121226674864378
,,,,,,,,,,,,,4621.0,4708.208374910876,133.16652002314385,4447.2067917189825,4969.209958102769,-87.20837491087602
,,,,,,,,,,,,,4241.0,4599.025654067352,133.16652002314385,4338.024070875459,4860.027237259246,-358.02565406735226
,,,,,,,,,,,,,4161.0,4167.687197929862,133.16652002314385,3906.685614737969,4428.688781121756,-6.6871979298624495
,,,,,,,,,,,,,4096.0,4150.839244248669,133.16652002314385,3889.8376610567752,4411.840827440563,-54.839244248669125
,,,,,,,,,,,,,4036.0,4080.013353108493,133.16652002314385,3819.0117699165994,4341.014936300386,-44.01335310849244
,,,,,,,,,,,,,3923.0,4021.745298512885,133.16652002314385,3760.7437153209926,4282.7468817047775,-98.74529851288557
,,,,,,,,,,,,,3483.0,3898.5914885504385,133.16652002314385,3637.589905358545,4159.593071742332,-415.5914885504382
,,,,,,,,,,,,,3403.0,3398.7930765060055,133.16652002314385,3137.791493314111,3659.7946596979,4.206923493994659
,,,,,,,,,,,,,3359.0,3394.3284226369396,133.16652002314385,3133.3268394450442,3655.3300058288337,-35.32842263693939
,,,,,,,,,,,,,3290.0,3346.739190378551,133.16652002314385,3085.737607186657,3607.7407735704446,-56.7391903785519
,,,,,,,,,,,,,3181.0,3273.551963809428,133.16652002314385,3012.550380617533,3534.553547001321,-92.55196380942724
,,,,,,,,,,,,,2878.0,3157.639765146557,133.16652002314385,2896.6381819546623,3418.6413483384513,-279.6397651465564
,,,,,,,,,,,,,2834.0,2819.284447945135,133.16652002314385,2558.2828647532406,3080.286031137029,14.715552054864911
,,,,,,,,,,,,,2799.0,2828.579981175227,133.16652002314385,2567.5783979833327,3089.581564367121,-29.57998117522663
,,,,,,,,,,,,,2752.0,2787.978745824378,133.16652002314385,2526.9771626324846,3048.9803290162727,-35.97874582437844
,,,,,,,,,,,,,2703.0,2739.4990377876757,133.16652002314385,2478.4974545957807,3000.50062097957,-36.4990377876752
,,,,,,,,,,,,,2532.0,2690.327078651134,133.16652002314385,2429.3254954592403,2951.328661843028,-158.3270786511337
,,,,,,,,,,,,,2536.0,2496.522633757874,133.16652002314385,2235.5210505659797,2757.5242169497674,39.477366242126784
,,,,,,,,,,,,,2528.0,2536.3849124833887,133.16652002314385,2275.383329291494,2797.386495675282,-8.38491248338847
,,,,,,,,,,,,,2520.0,2521.237324802069,133.16652002314385,2260.2357416101754,2782.238907993963,-1.2373248020687577
,,,,,,,,,,,,,2423.0,2514.2143685387005,133.16652002314385,2253.212785346806,2775.2159517305945,-91.21436853870077
,,,,,,,,,,,,,2413.0,2400.427633633792,133.16652002314385,2139.426050441898,2661.429216825687,12.572366366207952
,,,,,,,,,,,,,2413.0,2409.0012549440394,133.16652002314385,2147.9996717521453,2670.002838135933,3.9987450559612783
,,,,,,,,,,,,,2411.0,2408.333466285282,133.16652002314385,2147.331883093388,2669.335049477176,2.6665337147177754
,,,,,,,,,,,,,2391.0,2406.0505213479023,133.16652002314385,2145.0489381560087,2667.0521045397963,-15.050521347902412
,,,,,,,,,,,,,2297.0,2382.721140337107,133.16652002314385,2121.7195571452135,2643.722723529,-85.72114033710744
,,,,,,,,,,,,,2287.0,2275.3297899974305,133.16652002314385,2014.3282068055369,2536.331373189325,11.67021000256894
,,,,,,,,,,,,,2272.0,2282.8779341449304,133.16652002314385,2021.8763509530368,2543.8795173368244,-10.877934144930531
,,,,,,,,,,,,,2238.0,2264.5436084143826,133.16652002314385,2003.5420252224876,2525.5451916062757,-26.543608414381595
,,,,,,,,,,,,,2218.0,2227.44422335854,133.16652002314385,1966.442640166645,2488.445806550434,-9.444223358539606
,,,,,,,,,,,,,2137.0,2210.487496565309,133.16652002314385,1949.4859133734155,2471.4890797572034,-73.48749656530947
,,,,,,,,,,,,,2125.0,2117.657519054942,133.16652002314385,1856.6559358630475,2378.659102246836,7.342480945058178
,,,,,,,,,,,,,2116.0,2120.1855151369778,133.16652002314385,1859.1839319450833,2381.1870983288713,-4.185515136977485
,,,,,,,,,,,,,2113.0,2109.7609451535463,133.16652002314385,1848.7593619616516,2370.7625283454395,3.2390548464546955
,,,,,,,,,,,,,2116.0,2108.0783637044688,133.16652002314385,1847.0767805125756,2369.0799468963633,7.921636295530867
,,,,,,,,,,,,,2117.0,2112.020964506684,133.16652002314385,1851.0193813147905,2373.022547698578,4.979035493315593
,,,,,,,,,,,,,2111.0,2112.517886426973,133.16652002314385,1851.5163032350783,2373.519469618866,-1.5178864269728412
,,,,,,,,,,,,,2109.0,2105.276854519095,133.16652002314385,1844.2752713272005,2366.278437710989,3.7231454809046225
,,,,,,,,,,,,,2119.0,2104.194955519855,133.16652002314385,1843.19337232796,2365.1965387117484,14.805044480145757
,,,,,,,,,,,,,2124.0,2116.3148273836505,133.16652002314385,1855.313244191757,2377.316410575546,7.685172616348888
,,,,,,,,,,,,,2136.0,2120.089478481919,133.16652002314385,1859.0878952900252,2381.091061673813,15.91052151808032
,,,,,,,,,,,,,2139.0,2133.566778740985,133.16652002314385,1872.5651955490923,2394.56836193288,5.433221259013797
,,,,,,,,,,,,,2145.0,2134.680809137633,133.16652002314385,1873.6792259457377,2395.6823923295265,10.319190862367462
,,,,,,,,,,,,,2159.0,2141.4999559270796,133.16652002314385,1880.4983727351855,2402.5015391189736,17.50004407292039
,,,,,,,,,,,,,2159.0,2156.884896987295,133.16652002314385,1895.8833137954005,2417.886480179188,2.1151030127053314
,,,,,,,,,,,,,2188.0,2154.0759807191757,133.16652002314385,1893.074397527282,2415.07756391107,33.924019280824204
,,,,,,,,,,,,,2193.0,2188.8862634034235,133.16652002314385,1927.8846802115297,2449.8878465953167,4.113736596576538
,,,,,,,,,,,,,2191.0,2188.601278917328,133.16652002314385,1927.5996957254335,2449.6028621092223,2.398721082671904
,,,,,,,,,,,,,2208.0,2186.0139125413516,133.16652002314385,1925.0123293494576,2447.015495733246,21.986087458648527
,,,,,,,,,,,,,2223.0,2206.649375625266,133.16652002314385,1945.647792433372,2467.6509588171602,16.350624374733638
,,,,,,,,,,,,,2234.0,2220.778195139086,133.16652002314385,1959.7766119471912,2481.7797783309793,13.22180486091493
,,,,,,,,,,,,,2237.0,2231.148824264078,133.16652002314385,1970.147241072185,2492.1504074559725,5.851175735921703
,,,,,,,,,,,,,2243.0,2232.7379416727013,133.16652002314385,1971.7363584808077,2493.7395248645958,10.262058327298684
,,,,,,,,,,,,,2251.0,2239.4921461613185,133.16652002314385,1978.4905629694244,2500.493729353213,11.507853838681328
,,,,,,,,,,,,,2265.0,2247.763278435591,133.16652002314385,1986.7616952436977,2508.7648616274846,17.236721564409113
,,,,,,,,,,,,,2267.0,2262.8489019608432,133.16652002314385,2001.8473187689483,2523.850485152737,4.151098039157063
,,,,,,,,,,,,,2283.0,2262.4551297847506,133.16652002314385,2001.453546592856,2523.456712976644,20.544870215249706
,,,,,,,,,,,,,2282.0,2281.4019488204926,133.16652002314385,2020.4003656285984,2542.403532012387,0.5980511795070443
,,,,,,,,,,,,,2286.0,2276.81818766018,133.16652002314385,2015.816604468286,2537.8197708520743,9.181812339820304
,,,,,,,,,,,,,2291.0,2282.243643777387,133.16652002314385,2021.2420605854936,2543.245226969281,8.756356222612249
,,,,,,,,,,,,,2288.0,2287.235904560192,133.16652002314385,2026.234321368298,2548.237487752086,0.7640954398080939
,,,,,,,,,,,,,2305.0,2282.740047660722,133.16652002314385,2021.7384644688275,2543.741630852616,22.259952339278374
,,,,,,,,,,,,,2308.0,2303.6868117475265,133.16652002314385,2042.685228555632,2564.688394939421,4.313188252473515
,,,,,,,,,,,,,2305.0,2303.5277055616216,133.16652002314385,2042.5261223697275,2564.5292887535156,1.4722944383783303
,,,,,,,,,,,,,2300.0,2299.836855342794,133.16652002314385,2038.8352721509004,2560.838438534688,0.1631446572053712
,,,,,,,,,,,,,2294.0,2294.557062819044,133.16652002314385,2033.5554796271504,2555.558646010938,-0.5570628190442134
,,,,,,,,,,,,,2301.0,2288.4081948719504,133.16652002314385,2027.4066116800568,2549.409778063846,12.591805128048469
,,,,,,,,,,,,,2307.0,2297.861031040834,133.16652002314385,2036.85944784894,2558.8626142327275,9.138968959166002
,,,,,,,,,,,,,2304.0,2303.3386247941476,133.16652002314385,2042.3370416022535,2564.340207986042,0.661375205852499
,,,,,,,,,,,,,2309.0,2298.726006257428,133.16652002314385,2037.7244230655335,2559.727589449322,10.273993742572243
,,,,,,,,,,,,,2306.0,2305.443358920945,133.16652002314385,2044.4417757290505,2566.4449421128393,0.5566410790550341
,,,,,,,,,,,,,2335.0,2300.711689563858,133.16652002314385,2039.710106371963,2561.713272755752,34.28831043614238
,,,,,,,,,,,,,2331.0,2335.9360603989257,133.16652002314385,2074.9344772070313,2596.93764359082,-4.936060398925074
,,,,,,,,,,,,,2339.0,2324.9104427190996,133.16652002314385,2063.9088595272065,2585.912025910994,14.089557280900236
,,,,,,,,,,,,,2335.0,2336.116185918581,133.16652002314385,2075.114602726686,2597.1177691104745,-1.116185918580382
,,,,,,,,,,,,,2361.0,2329.432602726384,133.16652002314385,2068.4310195344897,2590.434185918278,31.5673972736162
,,,,,,,,,,,,,2385.0,2361.4128672835395,133.16652002314385,2100.4112840916455,2622.414450475434,23.587132716460225
,,,,,,,,,,,,,2392.0,2384.2211627695015,133.16652002314385,2123.2195795776074,2645.222745961396,7.7788372304982305
,,,,,,,,,,,,,2394.0,2388.2031195399786,133.16652002314385,2127.201536348084,2649.2047027318727,5.796880460021365
,,,,,,,,,,,,,2394.0,2389.680100988722,133.16652002314385,2128.6785177968286,2650.6816841806167,4.319899011277339
,,,,,,,,,,,,,2410.0,2389.377366615649,133.16652002314385,2128.375783423755,2650.378949807543,20.6226333843509
,,,,,,,,,,,,,2437.0,2408.412578703007,133.16652002314385,2147.410995511113,2669.4141618949016,28.587421296993043
,,,,,,,,,,,,,2457.0,2437.055936459326,133.16652002314385,2176.0543532674315,2698.0575196512204,19.94406354067428
,,,,,,,,,,,,,2467.0,2455.5214962320024,133.16652002314385,2194.5199130401074,2716.5230794238955,11.478503767998705
,,,,,,,,,,,,,2473.0,2463.8601039283594,133.16652002314385,2202.8585207364654,2724.861687120254,9.13989607164122
,,,,,,,,,,,,,2504.0,2469.3387515263366,133.16652002314385,2208.337168334443,2730.340334718231,34.66124847366291
,,,,,,,,,,,,,2499.0,2505.0878769032015,133.16652002314385,2244.0862937113075,2766.0894600950955,-6.087876903201457
,,,,,,,,,,,,,2506.0,2492.702575719976,133.16652002314385,2231.7009925280818,2753.7041589118703,13.29742428002407
,,,,,,,,,,,,,2528.0,2502.9574860692474,133.16652002314385,2241.955902877353,2763.9590692611405,25.04251393075312
,,,,,,,,,,,,,2518.0,2527.3192694495488,133.16652002314385,2266.3176862576556,2788.3208526414446,-9.319269449549044
,,,,,,,,,,,,,2519.0,2511.0087648044196,133.16652002314385,2250.007181612525,2772.0103479963127,7.991235195580638
,,,,,,,,,,,,,2516.0,2514.929640851515,133.16652002314385,2253.92805765962,2775.931224043408,1.070359148485504
,,,,,,,,,,,,,2503.0,2510.7819125599945,133.16652002314385,2249.7803293681,2771.783495751889,-7.781912559994288
,,,,,,,,,,,,,2507.0,2496.0676584389657,133.16652002314385,2235.0660752470726,2757.06924163086,10.93234156103395
,,,,,,,,,,,,,2516.0,2503.4829334073497,133.16652002314385,2242.4813502154548,2764.4845165992433,12.51706659265107
,,,,,,,,,,,,,2511.0,2512.951652130502,133.16652002314385,2251.9500689386086,2773.9532353223967,-1.9516521305022447
,,,,,,,,,,,,,2523.0,2505.26797941807,133.16652002314385,2244.2663962261754,2766.269562609964,17.732020581930268
,,,,,,,,,,,,,2501.0,2520.815769635672,133.16652002314385,2259.814186443778,2781.817352827566,-19.815769635671817
,,,,,,,,,,,,,2508.0,2491.9689143785245,133.16652002314385,2230.9673311866304,2752.9704975704194,16.031085621475604
,,,,,,,,,,,,,2495.0,2505.3311655273833,133.16652002314385,2244.329582335489,2766.332748719277,-10.33116552738333
,,,,,,,,,,,,,2489.0,2487.719186792877,133.16652002314385,2226.7176036009823,2748.7207699847713,1.2808132071233762
,,,,,,,,,,,,,2470.0,2483.659424425213,133.16652002314385,2222.657841233319,2744.661007617106,-13.659424425212721
,,,,,,,,,,,,,2447.0,2461.96171591492,133.16652002314385,2200.9601327230266,2722.963299106813,-14.961715914920047
,,,,,,,,,,,,,2413.0,2438.582023371304,133.16652002314385,2177.5804401794094,2699.583606563197,-25.582023371304004
,,,,,,,,,,,,,2407.0,2402.575667796225,133.16652002314385,2141.5740846043304,2663.577250988119,4.424332203775019
,,,,,,,,,,,,,2391.0,2402.0891296185737,133.16652002314385,2141.0875464266796,2663.0907128104673,-11.08912961857316
,,,,,,,,,,,,,2373.0,2383.46432016483,133.16652002314385,2122.462736972937,2644.4659033567245,-10.464320164830433
,,,,,,,,,,,,,2332.0,2365.448891345538,133.16652002314385,2104.4473081536444,2626.450474537432,-33.44889134553857
,,,,,,,,,,,,,2317.0,2320.147370300122,133.16652002314385,2059.145787108228,2581.148953492016,-3.1473703001225624
,,,,,,,,,,,,,2306.0,2310.6003424233877,133.16652002314385,2049.5987592314937,2571.6019256152817,-4.60034242338768
,,,,,,,,,,,,,2281.0,2299.6034025735516,133.16652002314385,2038.6018193816576,2560.6049857654457,-18.603402573551534
,,,,,,,,,,,,,2252.0,2271.9833833358903,133.16652002314385,2010.9818001439965,2532.9849665277843,-19.983383335890295
,,,,,,,,,,,,,2204.0,2242.5930710110815,133.16652002314385,1981.5914878191877,2503.594654202976,-38.59307101108201
,,,,,,,,,,,,,2181.0,2191.0912522969365,133.16652002314385,1930.0896691050425,2452.0928354888306,-10.091252296936362
,,,,,,,,,,,,,2171.0,2173.2477942837595,133.16652002314385,1912.2462110918648,2434.2493774756526,-2.2477942837590983
,,,,,,,,,,,,,2164.0,2164.975404295606,133.16652002314385,1903.9738211037125,2425.9769874875,-0.9754042956061388
,,,,,,,,,,,,,2153.0,2158.3005906766934,133.16652002314385,1897.2990074847996,2419.302173868588,-5.300590676693305
,,,,,,,,,,,,,2121.0,2146.5076817233166,133.16652002314385,1885.5060985314224,2407.509264915211,-25.507681723317287
,,,,,,,,,,,,,2117.0,2110.686667489965,133.16652002314385,1849.6850842980712,2371.6882506818597,6.3133325100342255
,,,,,,,,,,,,,2111.0,2112.4481851537025,133.16652002314385,1851.4466019618087,2373.449768345597,-1.44818515370278
,,,,,,,,,,,,,2096.0,2105.286382375978,133.16652002314385,1844.2847991840845,2366.2879655678717,-9.286382375978024
,,,,,,,,,,,,,2088.0,2088.7611665272325,133.16652002314385,1827.7595833353375,2349.7627497191256,-0.7611665272319995
,,,,,,,,,,,,,2080.0,2082.2794572764433,133.16652002314385,1821.2778740845476,2343.281040468336,-2.279457276442387
,,,,,,,,,,,,,2072.0,2074.07191362213,133.16652002314385,1813.0703304302351,2335.073496814024,-2.0719136221295775
,,,,,,,,,,,,,2063.0,2066.1002839250295,133.16652002314385,1805.098700733136,2327.101867116924,-3.1002839250296756
,,,,,,,,,,,,,2058.0,2056.9092914776065,133.16652002314385,1795.9077082857125,2317.9108746695015,1.0907085223931794
,,,,,,,,,,,,,2049.0,2052.6838567116433,133.16652002314385,1791.6822735197497,2313.685439903537,-3.6838567116433154
,,,,,,,,,,,,,2040.0,2042.8295196494812,133.16652002314385,1781.8279364575867,2303.8311028413746,-2.8295196494808224
,,,,,,,,,,,,,2042.0,2033.9463037608168,133.16652002314385,1772.944720568922,2294.94788695271,8.053696239183264
,,,,,,,,,,,,,2036.0,2037.9885977599515,133.16652002314385,1776.987014568057,2298.9901809518456,-1.9885977599515337
,,,,,,,,,,,,,2031.0,2030.2125103543017,133.16652002314385,1769.210927162407,2291.2140935461944,0.7874896456989193
,,,,,,,,,,,,,2006.0,2025.6424080274844,133.16652002314385,1764.64082483559,2286.643991219378,-19.642408027484183
,,,,,,,,,,,,,1999.0,1996.8413558692323,133.16652002314385,1735.839772677338,2257.8429390611273,2.158644130767364
,,,,,,,,,,,,,1999.0,1993.7290012848327,133.16652002314385,1732.7274180929398,2254.7305844767275,5.270998715166492
,,,,,,,,,,,,,1997.0,1994.5073777536763,133.16652002314385,1733.5057945617823,2255.5089609455704,2.492622246323718
,,,,,,,,,,,,,1994.0,1992.0267484166,133.16652002314385,1731.0251652247068,2253.028331608494,1.9732515833995656
,,,,,,,,,,,,,1991.0,1988.905333976802,133.16652002314385,1727.9037507849077,2249.906917168697,2.09466602319809
,,,,,,,,,,,,,1985.0,1985.921930795649,133.16652002314385,1724.9203476037549,2246.9235139875436,-0.9219307956491783
,,,,,,,,,,,,,1980.0,1979.3583190275224,133.16652002314385,1718.356735835628,2240.359902219416,0.6416809724779351
,,,,,,,,,,,,,1983.0,1974.6224766244336,133.16652002314385,1713.6208934325396,2235.6240598163276,8.377523375566598
,,,,,,,,,,,,,1972.0,1979.0832822614316,133.16652002314385,1718.081699069538,2240.0848654533247,-7.083282261431849
,,,,,,,,,,,,,1981.0,1965.263995640002,133.16652002314385,1704.2624124481079,2226.2655788318953,15.736004359998272
,,,,,,,,,,,,,1980.0,1978.3916667374465,133.16652002314385,1717.3900835455524,2239.3932499293405,1.6083332625536015
,,,,,,,,,,,,,1989.0,1974.956288768621,133.16652002314385,1713.954705576727,2235.957871960515,14.043711231378936
,,,,,,,,,,,,,1988.0,1986.1603377246972,133.16652002314385,1725.1587545328025,2247.1619209165906,1.8396622753034817
,,,,,,,,,,,,,1984.0,1982.9879104251977,133.16652002314385,1721.9863272333037,2243.9894936170913,1.0120895748025145
,,,,,,,,,,,,,2010.0,1978.7235286070236,133.16652002314385,1717.72194541513,2239.725111798918,31.276471392976525
,,,,,,,,,,,,,2020.0,2010.373098997766,133.16652002314385,1749.3715158058726,2271.37468218966,9.626901002233897
,,,,,,,,,,,,,2019.0,2016.606997990288,133.16652002314385,1755.6054147983941,2277.608581182182,2.39300200971164
,,,,,,,,,,,,,2015.0,2014.0635495283236,133.16652002314385,1753.0619663364294,2275.065132720218,0.9364504716760056
,,,,,,,,,,,,,2026.0,2009.7131890749672,133.16652002314385,1748.7116058830736,2270.714772266861,16.28681092503256
,,,,,,,,,,,,,2025.0,2023.567797085568,133.16652002314385,1762.5662138936736,2284.569380277462,1.432202914432328
,,,,,,,,,,,,,2023.0,2019.9322125262393,133.16652002314385,1758.9306293343452,2280.933795718133,3.0677874737610247
,,,,,,,,,,,,,2025.0,2018.1053709684393,133.16652002314385,1757.103787776545,2279.1069541603324,6.894629031560875
,,,,,,,,,,,,,2047.0,2020.8301583806765,133.16652002314385,1759.828575188782,2281.8317415725705,26.16984161932361
,,,,,,,,,,,,,2083.0,2046.4733701764455,133.16652002314385,1785.471786984551,2307.47495336834,36.5266298235542
,,,,,,,,,,,,,2086.0,2084.594960108211,133.16652002314385,1823.5933769163164,2345.5965433001056,1.4050398917889744
,,,,,,,,,,,,,2095.0,2081.1301744969205,133.16652002314385,1820.1285913050265,2342.131757688814,13.869825503079982
,,,,,,,,,,,,,2096.0,2092.136568311951,133.16652002314385,1831.1349851200575,2353.1381515038456,3.8634316880478967
,,,,,,,,,,,,,2096.0,2091.3653883032566,133.16652002314385,1830.3638051113628,2352.36697149515,4.634611696743547
,,,,,,,,,,,,,2134.0,2091.4203864528145,133.16652002314385,1830.41880326092,2352.4219696447076,42.57961354718585
,,,,,,,,,,,,,2141.0,2136.523213825829,133.16652002314385,1875.5216306339353,2397.5247970177234,4.476786174171016
,,,,,,,,,,,,,2145.0,2136.7517437127112,133.16652002314385,1875.7501605208172,2397.7533269046057,8.248256287288989
,,,,,,,,,,,,,2138.0,2141.116030779187,133.16652002314385,1880.1144475872925,2402.1176139710806,-3.1160307791863495
,,,,,,,,,,,,,2132.0,2132.007976470125,133.16652002314385,1871.00639327823,2393.009559662019,-0.007976470124458682
,,,,,,,,,,,,,2146.0,2126.4832525560255,133.16652002314385,1865.4816693641328,2387.4848357479204,19.516747443973568
,,,,,,,,,,,,,2148.0,2144.16057145051,133.16652002314385,1883.1589882586156,2405.162154642403,3.839428549490025
,,,,,,,,,,,,,2159.0,2143.41252593904,133.16652002314385,1882.4109427471465,2404.414109130934,15.587474060960378
,,,,,,,,,,,,,2163.0,2156.4722008182252,133.16652002314385,1895.4706176263312,2417.4737840101197,6.527799181774856
,,,,,,,,,,,,,2164.0,2158.880851874914,133.16652002314385,1897.8792686830195,2419.882435066808,5.11914812508646
,,,,,,,,,,,,,2180.0,2159.5370392062596,133.16652002314385,1898.5354560143664,2420.5386223981527,20.462960793740162
,,,,,,,,,,,,,2187.0,2178.3907521635474,133.16652002314385,1917.389168971653,2439.392335355441,8.609247836452745
,,,,,,,,,,,,,2189.0,2183.3166330101953,133.16652002314385,1922.3150498183004,2444.3182162020894,5.6833669898052355
,,,,,,,,,,,,,2192.0,2184.664584197598,133.16652002314385,1923.6630010057036,2445.666167389492,7.33541580240225
,,,,,,,,,,,,,2192.0,2187.9408307487456,133.16652002314385,1926.939247556852,2448.9424139406406,4.059169251253753
,,,,,,,,,,,,,2223.0,2187.341726006489,133.16652002314385,1926.3401428145953,2448.3433091983834,35.658273993510605
,,,,,,,,,,,,,2235.0,2224.224165897875,133.16652002314385,1963.2225827059813,2485.2257490897696,10.775834102124806
,,,,,,,,,,,,,2225.0,2231.8648895997817,133.16652002314385,1970.863306407888,2492.8664727916757,-6.86488959978211
,,,,,,,,,,,,,2233.0,2218.344267713436,133.16652002314385,1957.3426845215408,2479.345850905329,14.655732286564517
,,,,,,,,,,,,,2237.0,2230.1935795467225,133.16652002314385,1969.191996354828,2491.195162738617,6.806420453277412
,,,,,,,,,,,,,2243.0,2232.918938174844,133.16652002314385,1971.9173549829504,2493.920521366739,10.081061825155437
,,,,,,,,,,,,,2251.0,2239.4674047371273,133.16652002314385,1978.4658215452328,2500.4689879290204,11.532595262873096
,,,,,,,,,,,,,2261.0,2247.7666604792425,133.16652002314385,1986.7650772873487,2508.7682436711366,13.2333395207575
,,,,,,,,,,,,,2266.0,2258.099982242203,133.16652002314385,1997.098399050309,2519.1015654340977,7.900017757796695
,,,,,,,,,,,,,2276.0,2262.118846865933,133.16652002314385,2001.1172636740396,2523.1204300578274,13.8811531340665
,,,,,,,,,,,,,2282.0,2273.1885355082304,133.16652002314385,2012.1869523163357,2534.190118700123,8.81146449177064
,,,,,,,,,,,,,2286.0,2278.293856376766,133.16652002314385,2017.292273184872,2539.29543956866,7.706143623233923
,,,,,,,,,,,,,2280.0,2282.0419263670997,133.16652002314385,2021.0403431752056,2543.043509558993,-2.0419263670994336
,,,,,,,,,,,,,2287.0,2274.2052205687232,133.16652002314385,2013.2036373768296,2535.206803760617,12.794779431276975
,,,,,,,,,,,,,2277.0,2283.888776733578,133.16652002314385,2022.887193541684,2544.8903599254722,-6.888776733577989
,,,,,,,,,,,,,2269.0,2270.3410024475156,133.16652002314385,2009.339419255622,2531.3425856394097,-1.341002447516136
,,,,,,,,,,,,,2270.0,2263.2001962614754,133.16652002314385,2002.1986130695816,2524.201779453369,6.799803738524728
,,,,,,,,,,,,,2272.0,2265.7667774219703,133.16652002314385,2004.7651942300763,2526.768360613865,6.233222578029032
,,,,,,,,,,,,,2264.0,2267.7397470332953,133.16652002314385,2006.7381638414004,2528.74133022519,-3.739747033295481
,,,,,,,,,,,,,2294.0,2257.8722984478622,133.16652002314385,1996.870715255968,2518.873881639756,36.12770155213825
,,,,,,,,,,,,,2294.0,2295.237915817331,133.16652002314385,2034.2363326254372,2556.2394990092257,-1.237915817331043
,,,,,,,,,,,,,2302.0,2288.617637821856,133.16652002314385,2027.6160546299627,2549.6192210137506,13.382362178142992
,,,,,,,,,,,,,2317.0,2299.0195154646403,133.16652002314385,2038.0179322727463,2560.0210986565344,17.98048453535915
,,,,,,,,,,,,,2340.0,2315.0009898402523,133.16652002314385,2053.999406648358,2576.0025730321463,24.999010159747847
,,,,,,,,,,,,,2343.0,2339.363741434816,133.16652002314385,2078.362158242922,2600.3653246267095,3.6362585651840913
,,,,,,,,,,,,,2345.0,2338.4351722565975,133.16652002314385,2077.4335890647026,2599.43675544849,6.564827743403038
,,,,,,,,,,,,,2340.0,2340.7850759980192,133.16652002314385,2079.7834928061247,2601.7866591899124,-0.7850759980188161
,,,,,,,,,,,,,2340.0,2334.4274452342815,133.16652002314385,2073.4258620423875,2595.4290284261756,5.57255476571843
,,,,,,,,,,,,,2375.0,2335.54859913683,133.16652002314385,2074.5470159449355,2596.5501823287236,39.45140086317018
,,,,,,,,,,,,,2371.0,2376.9443446608243,133.16652002314385,2115.94276146893,2637.9459278527193,-5.944344660824241
,,,,,,,,,,,,,2375.0,2364.7726147040057,133.16652002314385,2103.771031512111,2625.7741978958993,10.227385295995148
,,,,,,,,,,,,,2389.0,2371.3865689926597,133.16652002314385,2110.384985800765,2632.388152184553,17.613431007341035
,,,,,,,,,,,,,2415.0,2386.900396481534,133.16652002314385,2125.8988132896393,2647.901979673428,28.099603518466015
,,,,,,,,,,,,,2410.0,2414.9388351597713,133.16652002314385,2153.937251967877,2675.940418351665,-4.938835159770794
,,,,,,,,,,,,,2407.0,2403.859644662478,133.16652002314385,2142.8580614705843,2664.861227854373,3.140355337521726
,,,,,,,,,,,,,2419.0,2402.064871916566,133.16652002314385,2141.0632887246725,2663.06645510846,16.935128083433465
,,,,,,,,,,,,,2418.0,2416.706837943031,133.16652002314385,2155.7052547511366,2677.7084211349247,1.293162056969075
,,,,,,,,,,,,,2429.0,2412.9132062537765,133.16652002314385,2151.911623061882,2673.91478944567,16.086793746223474
,,,,,,,,,,,,,2440.0,2426.5404556187,133.16652002314385,2165.5388724268064,2687.542038810594,13.45954438130023
,,,,,,,,,,,,,2443.0,2437.1813222087976,133.16652002314385,2176.1797390169036,2698.182905400691,5.818677791202617
,,,,,,,,,,,,,2439.0,2438.733499346876,133.16652002314385,2177.7319161549826,2699.7350825387703,0.26650065312340543
,,,,,,,,,,,,,2437.0,2433.621609887239,133.16652002314385,2172.620026695344,2694.6231930791328,3.378390112761204
,,,,,,,,,,,,,2462.0,2432.1478289803654,133.16652002314385,2171.1462457884713,2693.1494121722594,29.852171019634746
,,,,,,,,,,,,,2470.0,2462.1279846545776,133.16652002314385,2201.1264014626827,2723.1295678464703,7.872015345423113
,,,,,,,,,,,,,2468.0,2466.2662753366953,133.16652002314385,2205.2646921448018,2727.2678585285894,1.733724663304646
,,,,,,,,,,,,,2481.0,2462.923010461462,133.16652002314385,2201.921427269567,2723.9245936533557,18.076989538538164
,,,,,,,,,,,,,2472.0,2478.913344130805,133.16652002314385,2217.9117609389114,2739.914927322699,-6.913344130804872
,,,,,,,,,,,,,2484.0,2465.3880629516266,133.16652002314385,2204.386479759732,2726.38964614352,18.61193704837406
,,,,,,,,,,,,,,2481.9360503388443,133.16652002314385,2220.9344671469503,2742.9376335307393,
,,,,,,,,,,,,,,2476.6188440167966,206.69745384403075,2071.499278786367,2881.7384092472275,
,,,,,,,,,,,,,,2471.1376125310626,260.9849296991174,1959.6165498130736,2982.6586752490502,
,,,,,,,,,,,,,,2465.648111100122,305.8146812239387,1866.2623499576048,3065.033872242639,
,,,,,,,,,,,,,,2460.1581927088064,344.8668193985828,1784.231647224705,3136.0847381929098,
,,,,,,,,,,,,,,2454.668253294867,379.9258853071036,1710.0272012984497,3199.3093052912845,
,,,,,,,,,,,,,,2449.1783128209927,412.01242228710913,1641.6488039551505,3256.707821686834,
,,,,,,,,,,,,,,2443.688372293678,441.77459641981494,1577.8260740261228,3309.550670561231,
,,,,,,,,,,,,,,2438.1984317636684,469.65450276928954,1517.6925211587936,3358.704342368543,
,,,,,,,,,,,,,,2432.7084912335235,495.9696663117402,1460.6258078381638,3404.7911746288823,
,,,,,,,,,,,,,,2427.2185507033714,520.9572610409668,1406.1610815784452,3448.2760198282954,
,,,,,,,,,,,,,,2421.7286101732184,544.799986932116,1353.940257008379,3489.5169633380574,
,,,,,,,,,,,,,,2416.238669643066,567.6421264240012,1303.6805457442915,3528.796793541841,
,,,,,,,,,,,,,,2410.7487291129123,589.5999844140852,1255.153994375929,3566.3434638498975,
,,,,,,,,,,,,,,2405.2587885827606,610.7689412134652,1208.1736609287072,3602.3439162368154,
,,,,,,,,,,,,,,2399.768848052608,631.22837189162,1162.5839731251779,3636.9537229800394,
,,,,,,,,,,,,,,2394.278907522455,651.0451715594492,1118.2538189572335,3670.3039960876786,
,,,,,,,,,,,,,,2388.7889669923034,670.2763410271922,1075.0714788897187,3702.5064550948864,
,,,,,,,,,,,,,,2383.2990264621503,688.9709219341038,1032.9408330759497,3733.6572198483514,
,,,,,,,,,,,,,,2377.8090859319977,707.1714708616689,991.7784721489103,3763.839699715085,
,,,,,,,,,,,,,,2372.3191454018443,724.9151999583017,951.5114616379223,3793.126829165769,
,,,,,,,,,,,,,,2366.829204871692,742.2348718973745,912.0755878831375,3821.5828218602487,
,,,,,,,,,,,,,,2361.33926434154,759.1595109003376,873.4139644558351,3849.2645642272446,
,,,,,,,,,,,,,,2355.8493238113874,775.7149740209791,835.4759124618448,3876.2227351609304,
,,,,,,,,,,,,,,2350.3593832812344,791.9244148593322,798.2160516789869,3902.5027148834824,
,,,,,,,,,,,,,,2344.869442751083,807.8086634718794,761.5935559467622,3928.1453295554034,
,,,,,,,,,,,,,,2339.3795022209288,823.3865402775002,725.5715379219903,3953.18746651987,
,,,,,,,,,,,,,,2333.8895616907776,838.6751174561455,690.116536746832,3977.6625866347217,
,,,,,,,,,,,,,,2328.3996211606245,853.6899381918519,655.1980883403702,4001.60115398088,
,,,,,,,,,,,,,,2322.909680630472,868.4452017830115,620.7883625891496,4025.0309986717944,
